{"type":"footer","name":"Footer Group","sections":{"newsletter":{"type":"newsletter","settings":{"bg_color":"bg-dark text-white","bg_gradient":false,"container":"container","max_width":"1000","title":"Newsletter Subscribe","title_size":"h3","description":"<p>Promotions, new products and sales. Directly to your inbox.<\/p>","description_size":"fs-6","input_group_size":"","btn_color":"btn-primary","notice":"<p>By signing up for email, you agree to our <a href=\"#\" title=\"#\">Terms of Service<\/a> and <a href=\"#\" title=\"#\">Privacy Policy<\/a>.<\/p>","pt":11,"pb":10,"mt":0,"mb":0}},"footer":{"type":"footer","blocks":{"738cdbe4-d453-45ea-8940-aed81d08bf3b":{"type":"menu","settings":{"menu":"","title":"Shop","title_size":"h6"}},"ac3b4c00-f362-4697-b848-3957315b3c61":{"type":"menu","settings":{"menu":"","title":"Company","title_size":"h6"}},"347c0c0a-1863-4236-a7ce-8cc6a91e5950":{"type":"menu","settings":{"menu":"footer","title":"Legal","title_size":"h6"}}},"block_order":["738cdbe4-d453-45ea-8940-aed81d08bf3b","ac3b4c00-f362-4697-b848-3957315b3c61","347c0c0a-1863-4236-a7ce-8cc6a91e5950"],"settings":{"bg_color":"bg-secondary text-white","bg_gradient":false,"container":"container","show_payment_icons":true,"show_social_icons":true,"show_powered_by":false,"show_about_area":true,"about_bg_transparent":true,"about_logo_height":42,"about_description":"<p>Transform your online store with the best e-commerce theme on the market.<\/p>","about_phone_text":"+1-202-555-1234","about_phone_url":"tel:+1-202-555-1234","about_email_text":"hello@ecomgraduates.com","about_email_url":"mailto:ecomify@ecomgraduates.com","pt":10,"pb":6}}},"order":["newsletter","footer"]}