{"type":"header","name":"Header Group","sections":{"announcement-bar":{"type":"announcement-bar","blocks":{"70d481db-010f-4095-9699-df6cb2715aa5":{"type":"Announcement","settings":{"description":"<p>📦 Free Shipping For All Orders Over $100.<\/p>","url":"shopify:\/\/collections\/all"}}},"block_order":["70d481db-010f-4095-9699-df6cb2715aa5"],"settings":{"show":true,"homepage":true,"sticky":false,"bg_color":"bg-secondary text-white","bg_gradient":false,"max_width":"1200","font_size":"small","text_transform":"text-capitalize","animation":"animate__fadeInDown","animation_speed":"animate__fast","controls":false,"autoplay":false,"pt":3,"pb":3}},"navbar":{"type":"navbar","settings":{"bg_color":"bg-white text-body","bg_gradient":false,"container":"container","menu_type":"hamburger","shadow":"shadow-sm","layout_mobile":"navbar-mobile-simple","layout_desktop":"navbar-desktop-logo-center","logo_mobile":"shopify:\/\/shop_images\/logo.png","logo_height_mobile":28,"logo":"shopify:\/\/shop_images\/logo.png","logo_height_desktop":40,"menu_mobile":"main-menu","utilities_menu":"footer","offcanvas_menu_show_social_icons":true,"menu_desktop":"main-menu","menu_desktop_trigger":"menu-desktop-click","pt":3,"pb":3}}},"order":["announcement-bar","navbar"]}