{"sections":{"main":{"type":"main-article","custom_css":["{text-align: justify;}"],"settings":{"show_image":true,"enable_parallax":false,"image_size":"small","content_width":"xs","show_date":true,"show_category":true,"show_author":false,"show_share_buttons":true,"show_sticky_bar":true,"background":"#1c1c1c","text_color":"#ffffff"}},"prev-next-blog-posts":{"type":"prev-next-blog-posts","settings":{"separate_section_with_border":true,"subheading":"","title":"Devamını oku","show_category":true,"show_excerpt":true,"show_read_more":true,"background":"#1c1c1c","text_color":"#ffffff"}}},"order":["main","prev-next-blog-posts"]}