{"sections":{"main":{"type":"main-cart","settings":{"show_cart_note":true,"show_order_weight":false,"show_shipping_text":true,"show_accelerated_buttons":true,"show_shipping_estimator":true}},"recently-viewed-products":{"type":"recently-viewed-products","settings":{"separate_section_with_border":true,"hide_product_information":false,"stack_products":false,"products_count":8,"products_per_row_mobile":"1","products_per_row_desktop":4,"horizontal_spacing_factor":1,"vertical_spacing_factor":1,"subheading":"","title":"Recently viewed products","content":""}}},"order":["main","recently-viewed-products"]}