{"sections":{"collection-banner":{"type":"collection-banner","settings":{"image":"{{ collection.image }}","mobile_image":"{{ collection.image }}","image_size":"sm","allow_transparent_header":true,"reveal":true,"enable_parallax":false,"show_collection_title":true,"show_collection_description":true,"show_breadcrumb":true,"content_width":"xs","background":"#000000","text_color":"#ffffff","overlay_color":"#000000","overlay_opacity":4}},"main":{"type":"main-collection","custom_css":[".SectionHeader__Heading {font-size: 50px;}",".Grid__Cell {padding-left: 5 px;}",".text-subdued {font-weight: bold;}"],"settings":{"hide_product_information":false,"products_per_page":25,"products_per_row_mobile":"2","products_size_desktop":"medium","show_grid_mode_selector":false,"horizontal_spacing_factor":1,"vertical_spacing_factor":1,"filter_layout":"drawer","quick_links_menu":"main-menu","show_sort_by":true,"show_filters":true,"show_results_count":true,"show_filter_group_name":true,"show_empty_filter_values":false,"show_filter_values_count":false,"show_color_swatch":true,"open_filters_by_default":true}}},"order":["collection-banner","main"]}