{"sections":{"slideshow":{"type":"slideshow","blocks":{"slide-1":{"type":"image","settings":{"image":"shopify:\/\/shop_images\/3200x1200ING1.jpg","mobile_image":"shopify:\/\/shop_images\/1200X1600_1.jpg","subheading":"","title":"","mobile_text_position":"place-self-end-center text-center","desktop_text_position":"sm:place-self-end-center sm:text-center","content_max_width":900,"button_1_text":"view collection","button_1_link":"shopify:\/\/collections\/pocket-knives","button_1_style":"solid","button_1_background":"#ffffff","button_1_text_color":"#000000","button_2_text":"","button_2_link":"","button_2_style":"outline","button_2_background":"#ffffff","button_2_text_color":"#000000","background":"","background_opacity":50,"text_color":"#ffffff","border_color":"","gradient_overlay":"linear-gradient(180deg, rgba(0, 0, 0, 1), rgba(255, 255, 255, 0.15) 20%)"}},"16c30bd6-4fd5-405c-ae68-4793f0cf53fc":{"type":"image","settings":{"image":"shopify:\/\/shop_images\/3200x12002.jpg","mobile_image":"shopify:\/\/shop_images\/1200X16002_bee3e4e3-4451-4de1-ae3b-5d3190d960ee.jpg","subheading":"","title":"","mobile_text_position":"place-self-end-center text-center","desktop_text_position":"sm:place-self-end-center sm:text-center","content_max_width":780,"button_1_text":"DISCOVER THE ADVENTURE","button_1_link":"shopify:\/\/collections\/hunting-and-camping-knives","button_1_style":"outline","button_1_background":"#ffffff","button_1_text_color":"#000000","button_2_text":"","button_2_link":"","button_2_style":"outline","button_2_background":"#ffffff","button_2_text_color":"#000000","background":"","background_opacity":24,"text_color":"#ffffff","border_color":"","gradient_overlay":"linear-gradient(180deg, rgba(207, 207, 207, 0.2), rgba(4, 4, 4, 0.65) 100%)"}},"8ef1782f-0908-420b-bcd5-94c799c37b52":{"type":"image","settings":{"image":"shopify:\/\/shop_images\/3200x1200ING2.jpg","mobile_image":"shopify:\/\/shop_images\/1200x1600_2.jpg","subheading":"","title":"","mobile_text_position":"place-self-end-center text-center","desktop_text_position":"sm:place-self-end-center sm:text-center","content_max_width":780,"button_1_text":"","button_1_link":"shopify:\/\/collections\/best-seller","button_1_style":"solid","button_1_background":"#ffffff","button_1_text_color":"#000000","button_2_text":"","button_2_link":"","button_2_style":"outline","button_2_background":"#ffffff","button_2_text_color":"#000000","background":"","background_opacity":50,"text_color":"#ffffff","border_color":"rgba(0,0,0,0)","gradient_overlay":"linear-gradient(180deg, rgba(0, 0, 0, 1), rgba(255, 255, 255, 0.15) 20%)"}}},"block_order":["slide-1","16c30bd6-4fd5-405c-ae68-4793f0cf53fc","8ef1782f-0908-420b-bcd5-94c799c37b52"],"custom_css":[".ButtonGroup__Item Button {background-color: black;}","p {font-size: 50px;}"],"settings":{"allow_transparent_header":true,"show_next_section_button":false,"media_size":"fill","autoplay":true,"autoplay_pause_on_video":true,"cycle_speed":4,"background":"#000000","controls_color":"#ffffff"}},"3a3ba8f3-25e8-4c65-bdc2-6ff64ac91ecf":{"type":"featured-collections","blocks":{"template--16302368882851__3a3ba8f3-25e8-4c65-bdc2-6ff64ac91ecf-1686820858e68dfce5-0":{"type":"collection","settings":{"collection":"best-seller","products_count":8,"title":"","link_url":"","link_text":"Hepsini Gör"}},"043bbe35-767f-4074-a18f-8f5077b700ca":{"type":"collection","settings":{"collection":"discount-product","products_count":8,"title":"","link_url":"shopify:\/\/collections\/discount-product","link_text":"View all"}}},"block_order":["template--16302368882851__3a3ba8f3-25e8-4c65-bdc2-6ff64ac91ecf-1686820858e68dfce5-0","043bbe35-767f-4074-a18f-8f5077b700ca"],"settings":{"separate_section_with_border":true,"hide_product_information":false,"stack_products":false,"products_per_row_mobile":"2","products_per_row_desktop":4,"horizontal_spacing_factor":1,"vertical_spacing_factor":1,"subheading":""}},"b75136d4-b742-47a4-81bc-60f580d27497":{"type":"image-with-text-overlay","blocks":{"template--16302368882851__b75136d4-b742-47a4-81bc-60f580d27497-1686820803a79c1743-0":{"type":"heading","settings":{"text":"","heading_tag":"h4"}},"template--16302368882851__b75136d4-b742-47a4-81bc-60f580d27497-1686820803a79c1743-1":{"type":"richtext","settings":{"content":""}}},"block_order":["template--16302368882851__b75136d4-b742-47a4-81bc-60f580d27497-1686820803a79c1743-0","template--16302368882851__b75136d4-b742-47a4-81bc-60f580d27497-1686820803a79c1743-1"],"settings":{"image_size":"auto","image":"shopify:\/\/shop_images\/2500X900ING1.jpg","mobile_image":"shopify:\/\/shop_images\/ed.jpg","allow_transparent_header":false,"reveal_on_scroll":true,"remove_vertical_spacing":true,"content_width":"xs","mobile_text_position":"place-self-end-center text-center","desktop_text_position":"sm:place-self-center sm:text-center","text_color":"#ffffff","overlay_color":"#000000","overlay_opacity":11}},"e2f91583-0a1d-4d73-bf01-ed5f184b53e0":{"type":"collection-list","blocks":{"template--16302368882851__e2f91583-0a1d-4d73-bf01-ed5f184b53e0-16868208747953d859-0":{"type":"collection","settings":{"collection":"puukko-knives","image":"shopify:\/\/shop_images\/1X14.jpg","expand_collection":false,"content_position":"place-self-end-start text-start","subheading":"","title":"","button_text":"Puukko Knives","button_link":"shopify:\/\/collections\/puukko-knives","text_color":"#303030","overlay_color":"#ffffff","overlay_opacity":0,"button_background":"rgba(0,0,0,0)","button_text_color":"#303030"}},"template--16302368882851__e2f91583-0a1d-4d73-bf01-ed5f184b53e0-16868208747953d859-1":{"type":"collection","settings":{"collection":"hunting-and-camping-knives","image":"shopify:\/\/shop_images\/1X12.jpg","expand_collection":false,"content_position":"place-self-end-start text-start","subheading":"","title":"","button_text":"Hunting and Camping Knives","button_link":"shopify:\/\/collections\/hunting-and-camping-knives","text_color":"#ffffff","overlay_color":"#000000","overlay_opacity":0,"button_background":"","button_text_color":""}},"template--16302368882851__e2f91583-0a1d-4d73-bf01-ed5f184b53e0-16868208747953d859-2":{"type":"collection","settings":{"collection":"4116-steel","image":"shopify:\/\/shop_images\/1X13.jpg","expand_collection":false,"content_position":"place-self-end-start text-start","subheading":"","title":"","button_text":"4116 Steel","button_link":"shopify:\/\/collections\/4116-steel","text_color":"#ffffff","overlay_color":"#000000","overlay_opacity":0,"button_background":"","button_text_color":""}},"a75e9d07-17aa-425b-b0b6-004d0e75e0d5":{"type":"collection","settings":{"collection":"cases","image":"shopify:\/\/shop_images\/1X16.jpg","expand_collection":false,"content_position":"place-self-end-start text-start","subheading":"","title":"","button_text":"Cases","button_link":"shopify:\/\/collections\/cases","text_color":"#ffffff","overlay_color":"#000000","overlay_opacity":0,"button_background":"","button_text_color":""}}},"block_order":["template--16302368882851__e2f91583-0a1d-4d73-bf01-ed5f184b53e0-16868208747953d859-0","template--16302368882851__e2f91583-0a1d-4d73-bf01-ed5f184b53e0-16868208747953d859-1","template--16302368882851__e2f91583-0a1d-4d73-bf01-ed5f184b53e0-16868208747953d859-2","a75e9d07-17aa-425b-b0b6-004d0e75e0d5"],"settings":{"separate_section_with_border":true,"image_size":"auto","show_text_outside":false,"space_items":false,"stack_collections":true,"collections_per_row_desktop":4,"subheading":"","title":"","content":"","circle_button_background":"#d5d5d5","circle_button_text_color":"#ffffff"}},"42915fb0-0cd5-4a45-a5a9-7a079b15b8df":{"type":"shop-the-look","blocks":{"template--16302368882851__42915fb0-0cd5-4a45-a5a9-7a079b15b8df-168682133365062cb2-0":{"type":"look","settings":{"image":"shopify:\/\/shop_images\/1X15.jpg","hot_spots_background":"#cb2b2b","product_1":"t10-n690r","product_1_horizontal_position":40,"product_1_vertical_position":74,"product_2":"t10-n690b","product_2_horizontal_position":67,"product_2_vertical_position":27,"product_3":"","product_3_horizontal_position":66,"product_3_vertical_position":42,"product_4":"","product_4_horizontal_position":85,"product_4_vertical_position":85}},"a2dfc599-4e9b-4ee2-b85e-f2a67afb9d98":{"type":"look","settings":{"image":"shopify:\/\/shop_images\/IMG_0570_kopya.jpg","hot_spots_background":"#cb2b2b","product_1":"b10-4116k","product_1_horizontal_position":38,"product_1_vertical_position":30,"product_2":"","product_2_horizontal_position":25,"product_2_vertical_position":40,"product_3":"","product_3_horizontal_position":65,"product_3_vertical_position":60,"product_4":"","product_4_horizontal_position":85,"product_4_vertical_position":85}}},"block_order":["template--16302368882851__42915fb0-0cd5-4a45-a5a9-7a079b15b8df-168682133365062cb2-0","a2dfc599-4e9b-4ee2-b85e-f2a67afb9d98"],"settings":{"separate_section_with_border":true,"subheading":"","title":"","content":"","popover_title":""}},"9dfb5607-c90b-4fb2-8b34-d98aa63cccfa":{"type":"blog-posts","disabled":true,"custom_css":[],"settings":{"separate_section_with_border":true,"blog":"blog","posts_count":3,"stack_on_mobile":false,"show_category":true,"show_excerpt":false,"show_read_more":true,"subheading":"","title":"Blog","content":"","button_link":"shopify:\/\/blogs\/blog","button_text":"Hepsini Gör"}},"23a70c73-54a4-4337-978d-03a3654fe5ff":{"type":"media-grid","blocks":{"template--16302368882851__23a70c73-54a4-4337-978d-03a3654fe5ff-168682860317f4d4bd-0":{"type":"image","settings":{"image":"shopify:\/\/shop_images\/1600X16005.jpg","column_count":"6","row_count":1,"title":"","heading_tag":"h4","content":"","link_text":"","link_url":"","link_style":"link","text_position":"place-self-center text-center","text_color":"#ffffff","button_background":"","button_text_color":"","overlay_color":"#000000","overlay_opacity":0}},"template--16302368882851__23a70c73-54a4-4337-978d-03a3654fe5ff-168682860317f4d4bd-1":{"type":"image","settings":{"image":"shopify:\/\/shop_images\/1080KAMbabalar.jpg","column_count":"6","row_count":1,"title":"","heading_tag":"h4","content":"","link_text":"","link_url":"","link_style":"link","text_position":"place-self-center text-center","text_color":"#ffffff","button_background":"","button_text_color":"","overlay_color":"#000000","overlay_opacity":0}}},"block_order":["template--16302368882851__23a70c73-54a4-4337-978d-03a3654fe5ff-168682860317f4d4bd-0","template--16302368882851__23a70c73-54a4-4337-978d-03a3654fe5ff-168682860317f4d4bd-1"],"custom_css":["{padding-top: 50px; padding-bottom: 50px;}"],"settings":{"separate_section_with_border":true,"desktop_row_height":280,"mobile_row_height":180,"section_width":"lg","spacing":"md","subheading":"","title":"","content":"","background":"","text_color":""}},"27d5d23b-407f-42b6-9d49-63394cfff34d":{"type":"scrolling-content","blocks":{"template--16302368882851__27d5d23b-407f-42b6-9d49-63394cfff34d-168683999415e8e478-0":{"type":"text","settings":{"text":"We Are The Descendants Of The Blacksmiths Who Cut Through Mountains."}},"template--16302368882851__27d5d23b-407f-42b6-9d49-63394cfff34d-168683999415e8e478-1":{"type":"text","disabled":true,"settings":{"text":""}}},"block_order":["template--16302368882851__27d5d23b-407f-42b6-9d49-63394cfff34d-168683999415e8e478-0","template--16302368882851__27d5d23b-407f-42b6-9d49-63394cfff34d-168683999415e8e478-1"],"settings":{"separate_section_with_border":true,"scrolling_speed":0.6,"scroll_direction":"left","text_font":"heading","text_font_size_mobile":42,"text_font_size_desktop":80,"section_vertical_spacing_mobile":10,"section_vertical_spacing_desktop":10,"item_horizontal_spacing_mobile":10,"item_horizontal_spacing_desktop":190,"background":"","text_color":""}},"pina-instagram":{"type":"pina-instagram","disabled":true,"settings":{"title":"Follow Us On Instagram","show_profile":true,"timeline":"own","small":"2","medium":"3","large":"4","gutter":"2","count":"8","hashtags":"","container_class":"page-width","margin_top":"","margin_left":"","margin_bottom":"","margin_right":"","desktop_width":"","mobile_width":"","tablet_width":""}},"f7cb992e-de31-4420-b083-a467fa267a32":{"type":"slideshow","blocks":{"template--19680233718057__f7cb992e-de31-4420-b083-a467fa267a32-1688715830658caabb-0":{"type":"image","settings":{"image":"shopify:\/\/shop_images\/3200x12001.jpg","mobile_image":"shopify:\/\/shop_images\/MOBIL2.jpg","subheading":"","title":"","mobile_text_position":"place-self-center text-center","desktop_text_position":"sm:place-self-center sm:text-center","content_max_width":780,"button_1_text":"","button_1_link":"","button_1_style":"solid","button_1_background":"#ffffff","button_1_text_color":"#000000","button_2_text":"","button_2_link":"","button_2_style":"outline","button_2_background":"#ffffff","button_2_text_color":"#000000","background":"","background_opacity":50,"text_color":"#ffffff","border_color":"","gradient_overlay":"linear-gradient(180deg, rgba(54, 54, 54, 0.2), rgba(4, 4, 4, 0.65) 100%)"}}},"block_order":["template--19680233718057__f7cb992e-de31-4420-b083-a467fa267a32-1688715830658caabb-0"],"custom_css":["{margin-bottom: 50px;}"],"settings":{"allow_transparent_header":true,"show_next_section_button":false,"media_size":"auto","autoplay":true,"autoplay_pause_on_video":true,"cycle_speed":5,"background":"#000000","controls_color":"#ffffff"}}},"order":["slideshow","3a3ba8f3-25e8-4c65-bdc2-6ff64ac91ecf","b75136d4-b742-47a4-81bc-60f580d27497","e2f91583-0a1d-4d73-bf01-ed5f184b53e0","42915fb0-0cd5-4a45-a5a9-7a079b15b8df","9dfb5607-c90b-4fb2-8b34-d98aa63cccfa","23a70c73-54a4-4337-978d-03a3654fe5ff","27d5d23b-407f-42b6-9d49-63394cfff34d","pina-instagram","f7cb992e-de31-4420-b083-a467fa267a32"]}