{"sections":{"main":{"type":"main-page","custom_css":["{display: none;}"],"settings":{"show_title":false,"page_width":"xs"}},"d8b35144-42c6-468c-85d7-d4e36cf47ff1":{"type":"custom-liquid","custom_css":["p{text-align: justify;}"],"settings":{"separate_section_with_border":false,"remove_vertical_spacing":false,"remove_horizontal_spacing":false,"liquid":"<h1>Para iadesi politikası<\/h1><\/br>\n<p>İşbu Para İade Politikası (“Politika”), Fevup Brands E-Ticaret ve Bilişim Anonim Şirketi (“FEVUP”) tarafından <span><a href=\"http:\/\/www.matmazel.com\">www.matmazel.com<\/a><\/span> uzantılı websitede yayımlanmasını takiben hüküm ve sonuç doğurmakta olup, websiteyi ziyaret eden ve ürün satın alan (“ALICI”) kişilere ilişkindir.<\/p>\n<ol><\/br>\n<li>ALICI, sözleşme konusu ürünün kendisine veya gösterdiği adresteki kişi\/kuruluşa tesliminden itibaren 15 iş günü içinde hiçbir sebep göstermek zorunda olmaksızın telefon veya e-posta yoluyla açık bir şekilde belirtmek kaydıyla cayma hakkına sahiptir.<\/li>\n<\/ol>\n<p>&nbsp;<\/p>\n<ol start=\"2\">\n<li>Söz konusu hakkın süresi içerisinde kullanılması durumunda, ürünün en çok 10 (on) gün içerisinde, SATICI'nın adresine gönderilmesi zorunludur. İnternet Sitesi'nde ürün iadeleri için anlaşmalı kargo firması belirtilmiş ise, ALICI ürünü bu anlaşmalı kargo firması ile göndermekle yükümlüdür. Cayma hakkının süresi içerisinde kullanılması halinde, ALICI'dan herhangi bir masraf alınmaz.<\/li>\n<\/ol>\n<p>&nbsp;<\/p>\n<ol start=\"3\">\n<li>Site üzerinden satın alınan ürünün hatalı çıkması halinde ise teslimat tarihinden itibaren en geç 7 gün içerisinde <a href=\"http:\/\/www.matmazel.com\"><\/a> Bu bilgileri takiben UPS kargo şirketi AV5699-Eticaret-Merkez anlaşma kodu ile bize ulaştıracağınız hatalı ürün yenisi ile değiştirilecektir. Sipariş edilen ürün hatası müşteri kullanımından oluşmuşsa veya 15 günlük süre içerisinde ürün kullanılmışsa ürünün iade ve değişimi yapılmaz. Ürün iadesi ve değiştirme şartları olarak, 4077 sayılı Tüketicinin Korunması Hakkında Kanun gereği uygulamalar esastır.<\/li>\n<\/ol>\n<p>&nbsp;<\/p>\n<ol start=\"4\">\n<li>Ancak, yılbaşı, bayramlar, anneler günü gibi belirli günlere yönelik ALICI’ya özel olarak hazırlanan, satışa sunulan ve\/veya ithal edilen ürünlerde, kampanya ve promosyon ürünlerinde ürünün iadesi alınamamakta; ALICI bu şartları kabul ederek alışverişini gerçekleştirmektedir.<\/li>\n<\/ol>\n<p>&nbsp;<\/p>\n<ol start=\"5\">\n<li>İade etmek istenilen ürün kutulu olarak hasar görmemiş şekilde tarafımıza göndermeniz gerekmektedir.<\/li>\n<\/ol>\n<p>&nbsp;<\/p>\n<ol start=\"6\">\n<li>İade edilecek olan ürünün doğru ve eksiksiz olması gerekmektedir. Aksi takdirde para iadesi Matmazel tarafından yapılmayacaktır. Her ürünü aldığınız koşullarda iade etmeniz gerekmektedir. Dolayısıyla yeni ürünlerin yeni, kullanılmamış ve eksiksiz olarak iade edilmesi gerekmektedir. Kullanılmış ürünlerde fazladan kullanma veya hasar belirtisi yer almamalıdır.<\/li>\n<\/ol>\n<p>&nbsp;<\/p>\n<ol start=\"7\">\n<li>İade ve değişim süreçleri <a href=\"http:\/\/www.matmazel.com\"><\/a><\/li>\n<\/ol>\n<p>&nbsp;<\/p>\n<ol start=\"8\">\n<li>Ürünlerin ücretsiz iade edebilmesi için anlaşmalı kargo şirketi olan UPS kargo dan 0850 255 00 66’yı arayarak Müşteri adresine kurye talep edilmelidir. Yurtdışı satışlarında kargo masrafları ALICI tarafından karşılanır.<\/li>\n<\/ol>\n<p>&nbsp;<\/p>\n<p>&nbsp;<\/p>\n<p>&nbsp;<\/p>\n<ol start=\"10\">\n<li>ALICI’ya teslim edilen ürünün faturası (İade edilmek istenen ürünün faturası kurumsal ise, geri iade ederken kurumun düzenlemiş olduğu iade faturası) ile birlikte gönderilmesi gerekmektedir.<\/li>\n<\/ol>\n<p>&nbsp;<\/p>\n<ol start=\"11\">\n<li>Faturanızın ASIL nüshasının ön yüzünde, iade etmek istediğiniz ürüne ait satırda ürün ismi ve iade adedini belirtmeniz gerekmektedir. ASIL nüshanın ön yüzünde, sol alt taraftaki iade eden kişi olarak adınızı soyadınızı, irtibat telefonunuzu, adresinizi yazıp imzalamanız gerekmektedir. Son olarak, faturanın 1.NÜSHA'sının arkasına neden iade \/ değişim istediğinizi ayrıntılı olarak yazmanızı rica ederiz.<\/li>\n<\/ol>\n<p>&nbsp;<\/p>\n<ol start=\"12\">\n<li>Kargo firması tarafından adresinizden alınıp, bize ulaştırılan ürünler iade koşullarına uygunluğu değerlendirilir ve bu işlemin sonucunda e-posta aracılığıyla bilgilendirilirsiniz.<\/li>\n<\/ol>\n<p>&nbsp;<\/p>\n<ol start=\"13\">\n<li>Tüzel kişiliğe sahip olan ve şirket adına düzenlenmiş olan fatura işlemlerinden doğan iade ve\/veya farklı bir ürün ile değişim taleplerinde; ilgili firmanın iade ve\/veya değişim yapılacak ürünler için Matmazel adına iade faturası düzenlemesi ile işlem tamamlanabilmektedir. Tüzel kişilik e-vergi mükellefi ise düzenlenmiş olan e-iade faturasının numarasını Matmazel’e ilgili iade dönemi içerisinde iletmesi ile tamamlanabilmektedir. İade faturası düzenlenmesi kanuni bir yükümlülüktür.<\/li>\n<\/ol>\n<p>&nbsp;<\/p>\n<ol start=\"14\">\n<li>Yukarıdaki belirtilen gereklerin ALICI tarafından yerine getirilmesinin ardından satıcı, cayma hakkına konu malın, iade için ön bilgilendirmede belirtilen taşıyıcıya teslim edildiği tarihten itibaren on dört gün içinde, varsa malın tüketiciye teslim masrafları da dahil olmak üzere tahsil edilen tüm ödemeleri iade etmekle yükümlüdür.<\/li>\n<\/ol>\n<p>&nbsp;<\/p>\n<ol start=\"15\">\n<li>Ancak tüketicinin malı, iade için öngörülenin haricinde bir taşıyıcı ile iade etmesi durumunda söz konusu yükümlülük malın satıcıya ulaştığı tarihten itibaren başlar.<\/li>\n<\/ol>\n<p>&nbsp;<\/p>\n<ol start=\"16\">\n<li>ALICI’nın kusurundan kaynaklanan bir nedenle malın değerinde bir azalma olursa veya iade imkansızlaşırsa ALICI kusuru oranında SATICI’nın zararlarını tazmin etmekle yükümlüdür.<\/li>\n<\/ol>\n<p>&nbsp;<\/p>\n<ol start=\"17\">\n<li>Cayma hakkının kullanılması nedeniyle SATICI tarafından düzenlenen kampanya limit tutarının altına düşülmesi halinde kampanya kapsamında faydalanılan indirim miktarı iptal edilir<\/li>\n<\/ol>\n<p>&nbsp;<\/p>\n<ol start=\"18\">\n<li>İşbu Politika, website üzerindeki satış ve işlemler bakımından geçerli olup; fiziki satışlardaki işlem ve iadelere ilişkin sorumluluk ORALLAR DERİ VE DERİ MAMÜLLERİ SANAYİ TİCARET ANONİM ŞİRKETİ’ne aittir. SATICI tarafından fiziki satışlara ilişkin iptal, iade ve benzeri işlemlerde ORALLAR’a her türlü rücu hakkı saklıdır.<\/li>\n<\/ol>\n<p>&nbsp;<\/p>\n<ol start=\"19\">\n<li>Detaylı bilgi için Mağaza Politikamızı inceleyebilir, sorularınızı <span><a href=\"mailto:eticaret@matmazel.com\">eticaret@matmazel.com<\/a><\/span> adresine iletebilirsiniz.<\/li>\n<\/ol>\n<p>&nbsp;<\/p>\n<p>&nbsp;<\/p>\n<p>&nbsp;<\/p>\n<p>&nbsp;<\/p>\n<p>&nbsp;<\/p>\n<p><span>“<\/span>SATICI’nın müşteri hizmetleri departmanına gelen ürünlerin, iade şartlarına uygun ulaştırılması durumunda ürün tutarlarının iadesi, ürün MATMAZEL’e ulaştıktan sonra işleme alınacaktır.<\/p><\/br>\n<p>Para iadesinin ALICI hesabına yansıma süreci, banka inisiyatifindedir. Kredi kartına yapılan iadeler 30 iş günü içerisinde, havale ile yapılan ödemeler ise en geç 10 gün içerisinde hesaplara yatırılacaktır.”<\/p>","text_alignment":"start"}}},"order":["main","d8b35144-42c6-468c-85d7-d4e36cf47ff1"]}