{"sections":{"main":{"type":"main-page","custom_css":["{display: none;}"],"settings":{"show_title":false,"page_width":"xs"}},"c226aa93-6206-4796-b51e-681f691e5a59":{"type":"image-with-text","blocks":{"template--19173371674910__c226aa93-6206-4796-b51e-681f691e5a59-1685520126c27e39c2-0":{"type":"subheading","settings":{"text":""}},"template--19173371674910__c226aa93-6206-4796-b51e-681f691e5a59-1685520126c27e39c2-1":{"type":"heading","settings":{"text":"Mail adresini  forma gir, senin için hazırladığımız ipuçlarıyla dolu ‘<strong>Stil Rehberini<\/strong>’ hemen  indir!","heading_tag":"h3"}},"template--19173371674910__c226aa93-6206-4796-b51e-681f691e5a59-1685520126c27e39c2-2":{"type":"richtext","settings":{"content":""}}},"block_order":["template--19173371674910__c226aa93-6206-4796-b51e-681f691e5a59-1685520126c27e39c2-0","template--19173371674910__c226aa93-6206-4796-b51e-681f691e5a59-1685520126c27e39c2-1","template--19173371674910__c226aa93-6206-4796-b51e-681f691e5a59-1685520126c27e39c2-2"],"settings":{"separate_section_with_border":true,"image":"shopify:\/\/shop_images\/WhatsApp_Gorsel_2023-05-30_saat_16.50.17.jpg","reveal_on_scroll":true,"image_position":"start","content_width":"sm","remove_vertical_spacing":true}},"84428d94-d38f-4ad9-996a-2fad2ffc39e2":{"type":"custom-liquid","custom_css":[".flex-container {display: flex; flex-direction: row;}",".flex-item-left {padding: 10px; flex: 50%;}",".flex-item-right {padding: 10px; flex: 50%;}","@media (max-width: 800px) {.flex-container {flex-direction: column; }}"],"settings":{"separate_section_with_border":true,"remove_vertical_spacing":true,"remove_horizontal_spacing":true,"liquid":"<!-- Begin Mailchimp Signup Form -->\n<link href=\"\/\/cdn-images.mailchimp.com\/embedcode\/classic-071822.css\" rel=\"stylesheet\" type=\"text\/css\">\n<style type=\"text\/css\">\n\t#mc_embed_signup{background:#fff; clear:left; font:14px Helvetica,Arial,sans-serif;   \n width:600px; margin:auto; }\n\t\n<\/style>\n<div id=\"mc_embed_signup\">\n    <form action=\"https:\/\/fevupbrands.us11.list-manage.com\/subscribe\/post?u=45fb551f99c9f3e627808adc3&amp;id=d33e8b9c7c&amp;f_id=006ba3e0f0\" method=\"post\" id=\"mc-embedded-subscribe-form\" name=\"mc-embedded-subscribe-form\" class=\"validate\" target=\"_blank\" novalidate>\n        <div id=\"mc_embed_signup_scroll\">\n       \n        <div class=\"indicates-required\"> Rehber E-Mail Adresinize Gönderilcektir.<\/div>\n<div class=\"mc-field-group\">\n\t<label for=\"mce-EMAIL\">E-Posta  <span class=\"asterisk\">*<\/span>\n<\/label>\n\t<input type=\"email\" value=\"\" name=\"EMAIL\" class=\"required email\" id=\"mce-EMAIL\" required>\n\t<span id=\"mce-EMAIL-HELPERTEXT\" class=\"helper_text\"><\/span>\n<\/div>\n<div hidden=\"true\"><input type=\"hidden\" name=\"tags\" value=\"9327040\"><\/div>\n\t<div id=\"mce-responses\" class=\"clear\">\n\t\t<div class=\"response\" id=\"mce-error-response\" style=\"display:none\"><\/div>\n\t\t<div class=\"response\" id=\"mce-success-response\" style=\"display:none\"><\/div>\n\t<\/div>    <!-- real people should not fill this in and expect good things - do not remove this or risk form bot signups-->\n    <div style=\"position: absolute; left: -5000px;\" aria-hidden=\"true\"><input type=\"text\" name=\"b_45fb551f99c9f3e627808adc3_d33e8b9c7c\" tabindex=\"-1\" value=\"\"><\/div>\n    <div class=\"clear\"><input type=\"submit\" value=\"Gönder\" name=\"subscribe\" id=\"mc-embedded-subscribe\" class=\"button\"><\/div>\n    <\/div>\n<\/form>\n<\/div>\n<script type='text\/javascript' src='\/\/s3.amazonaws.com\/downloads.mailchimp.com\/js\/mc-validate.js'><\/script><script type='text\/javascript'>(function($) {window.fnames = new Array(); window.ftypes = new Array();fnames[0]='EMAIL';ftypes[0]='email';fnames[1]='FNAME';ftypes[1]='text';fnames[2]='LNAME';ftypes[2]='text';fnames[3]='ADDRESS';ftypes[3]='address';fnames[4]='PHONE';ftypes[4]='phone';fnames[5]='BIRTHDAY';ftypes[5]='birthday';}(jQuery));var $mcj = jQuery.noConflict(true);<\/script>\n<!--End mc_embed_signup-->","text_alignment":"center"}}},"order":["main","c226aa93-6206-4796-b51e-681f691e5a59","84428d94-d38f-4ad9-996a-2fad2ffc39e2"]}