{"sections":{"main":{"type":"main-page","custom_css":["{display: none;}"],"settings":{"show_title":true,"page_width":"xs"}},"716415a5-91af-4996-ad1d-2acc278350c9":{"type":"featured-product","blocks":{"template--19865124897065__716415a5-91af-4996-ad1d-2acc278350c9-16893232888fa68199-0":{"type":"vendor","settings":{}},"template--19865124897065__716415a5-91af-4996-ad1d-2acc278350c9-16893232888fa68199-1":{"type":"title","settings":{"heading_tag":"h3"}},"template--19865124897065__716415a5-91af-4996-ad1d-2acc278350c9-16893232888fa68199-2":{"type":"badges","settings":{}},"template--19865124897065__716415a5-91af-4996-ad1d-2acc278350c9-16893232888fa68199-3":{"type":"price","settings":{"show_taxes_notice":false}},"template--19865124897065__716415a5-91af-4996-ad1d-2acc278350c9-16893232888fa68199-4":{"type":"rating","settings":{"show_empty":true,"rating_mode":"rating"}},"template--19865124897065__716415a5-91af-4996-ad1d-2acc278350c9-16893232888fa68199-5":{"type":"payment_terms","settings":{}},"template--19865124897065__716415a5-91af-4996-ad1d-2acc278350c9-16893232888fa68199-6":{"type":"separator","settings":{}},"template--19865124897065__716415a5-91af-4996-ad1d-2acc278350c9-16893232888fa68199-7":{"type":"description","settings":{"collapse_content":true}},"template--19865124897065__716415a5-91af-4996-ad1d-2acc278350c9-16893232888fa68199-8":{"type":"variant_picker","settings":{"hide_sold_out_variants":false,"selector_type":"block","color_selector_type":"color","size_chart_page":""}},"template--19865124897065__716415a5-91af-4996-ad1d-2acc278350c9-16893232888fa68199-9":{"type":"quantity_selector","settings":{}},"template--19865124897065__716415a5-91af-4996-ad1d-2acc278350c9-16893232888fa68199-10":{"type":"buy_buttons","settings":{"show_payment_button":true,"show_gift_card_recipient":true,"atc_button_background":"","atc_button_text_color":"","payment_button_background":"","payment_button_text_color":""}},"template--19865124897065__716415a5-91af-4996-ad1d-2acc278350c9-16893232888fa68199-11":{"type":"pickup_availability","settings":{}}},"block_order":["template--19865124897065__716415a5-91af-4996-ad1d-2acc278350c9-16893232888fa68199-0","template--19865124897065__716415a5-91af-4996-ad1d-2acc278350c9-16893232888fa68199-1","template--19865124897065__716415a5-91af-4996-ad1d-2acc278350c9-16893232888fa68199-2","template--19865124897065__716415a5-91af-4996-ad1d-2acc278350c9-16893232888fa68199-3","template--19865124897065__716415a5-91af-4996-ad1d-2acc278350c9-16893232888fa68199-4","template--19865124897065__716415a5-91af-4996-ad1d-2acc278350c9-16893232888fa68199-5","template--19865124897065__716415a5-91af-4996-ad1d-2acc278350c9-16893232888fa68199-6","template--19865124897065__716415a5-91af-4996-ad1d-2acc278350c9-16893232888fa68199-7","template--19865124897065__716415a5-91af-4996-ad1d-2acc278350c9-16893232888fa68199-8","template--19865124897065__716415a5-91af-4996-ad1d-2acc278350c9-16893232888fa68199-9","template--19865124897065__716415a5-91af-4996-ad1d-2acc278350c9-16893232888fa68199-10","template--19865124897065__716415a5-91af-4996-ad1d-2acc278350c9-16893232888fa68199-11"],"settings":{"product":"t20-damascusgm","separate_section_with_border":true,"container_size":"lg","product_info_size":45,"center_basic_info":false,"desktop_media_layout":"carousel_thumbnails_bottom","desktop_media_grid_gap":30,"mobile_controls":"dots","enable_media_autoplay":false,"enable_video_looping":true,"enable_image_zoom":false,"max_image_zoom_level":3,"subheading":"","title":"","content":""}},"f59812d8-9bd2-4ce8-869b-ac1ced726a6a":{"type":"video","disabled":true,"blocks":{"template--19865124897065__f59812d8-9bd2-4ce8-869b-ac1ced726a6a-16893240489132fed4-0":{"type":"play","settings":{"icon_color":"#ffffff"}},"template--19865124897065__f59812d8-9bd2-4ce8-869b-ac1ced726a6a-16893240489132fed4-1":{"type":"heading","disabled":true,"settings":{"text":"","heading_tag":"h2"}}},"block_order":["template--19865124897065__f59812d8-9bd2-4ce8-869b-ac1ced726a6a-16893240489132fed4-0","template--19865124897065__f59812d8-9bd2-4ce8-869b-ac1ced726a6a-16893240489132fed4-1"],"custom_css":["{width: 500px; margin: auto;}"],"settings":{"autoplay":true,"show_controls":true,"video_size":"lg","video":"{{ page.metafields.custom.vid.value }}","external_video_url":"https:\/\/www.youtube.com\/watch?v=_9VUPq3SxOc","text_color":"#ffffff"}},"860fa7fe-c6a4-49ed-ad76-b914a9623b7b":{"type":"image-with-text","blocks":{"template--19865124897065__860fa7fe-c6a4-49ed-ad76-b914a9623b7b-1689325452ef937993-2":{"type":"richtext","settings":{"content":"<h3>Uncompromising Craftsmanship and Limited Edition Collectible<\/h3><p>Introducing the T20-DAMASCUSGM Internal Lock Tactical Pocket Knife in a stunning Damascus steel construction. This knife is a testament to uncompromising craftsmanship and is produced in limited numbers, making it a highly sought-after collectible item. Its compact and tactical structure, combined with the superior quality of Damascus steel, ensures exceptional performance in challenging tasks and all nature activities. Own a piece of exquisite craftsmanship with this exclusive and limited-edition knife.<\/p><h3>Combination of Staghorn and Green G-Compact Mikarta Handle<\/h3><p>The handle of the T20-DAMASCUSGM Pocket Knife is a harmonious fusion of staghorn and water\/moisture-resistant antibacterial green G-compact mikarta. This unique combination not only offers visual elegance but also provides a secure and comfortable grip for precise control during use. The staghorn adds a touch of natural beauty, while the green G-compact mikarta enhances durability and resistance to environmental factors. Experience the perfect balance of aesthetics and functionality with this exceptional knife.<\/p>"}}},"block_order":["template--19865124897065__860fa7fe-c6a4-49ed-ad76-b914a9623b7b-1689325452ef937993-2"],"settings":{"separate_section_with_border":true,"reveal_on_scroll":true,"image_position":"start","content_width":"sm","remove_vertical_spacing":true}},"0004214b-29a0-4d3d-94b6-29bfaa5bdd28":{"type":"image-with-text","blocks":{"template--19865124897065__0004214b-29a0-4d3d-94b6-29bfaa5bdd28-1689325452ef937993-2":{"type":"richtext","settings":{"content":"<h3>Secure Internal Locking System for Peace of Mind<\/h3><p>Safety is of utmost importance, and the T20-DAMASCUSGM excels in this aspect. It features an internal (liner) locking system with a steel ball, ensuring that the knife remains securely closed when not in use. The locking mechanism, made from the same steel as the barrel, undergoes a heat treatment process to prevent corrosion and create a solid and reliable locking mechanism. This knife provides peace of mind, allowing you to focus on your tasks without any concerns.<\/p>"}}},"block_order":["template--19865124897065__0004214b-29a0-4d3d-94b6-29bfaa5bdd28-1689325452ef937993-2"],"settings":{"separate_section_with_border":true,"reveal_on_scroll":true,"image_position":"end","content_width":"sm","remove_vertical_spacing":true}},"96ef1753-3de7-4d5e-a4ad-86248cc4de36":{"type":"image-with-text","blocks":{"template--19865124897065__96ef1753-3de7-4d5e-a4ad-86248cc4de36-1689325452ef937993-2":{"type":"richtext","settings":{"content":"<h3>Damascus Steel for Unparalleled Beauty and Durability<\/h3><p>Crafted with Damascus steel, the T20-DAMASCUSGM showcases the epitome of beauty and durability. Damascus steel is renowned for its striking patterns and exceptional strength. With a hardness rating of 59, this knife offers remarkable edge retention and toughness, ensuring it can withstand demanding tasks with ease. Each blade is a unique work of art, making the T20-DAMASCUSGM a true collector's item.<\/p><h3>Complete with Paracord Rope and Leather Vaketa Case<\/h3><p>For added convenience and protection, the T20-DAMASCUSGM Pocket Knife comes with a paracord rope and a leather vaketa case. The paracord rope serves various purposes in outdoor situations, while the leather vaketa case ensures the safe storage and transportation of your prized knife. Whether you're showcasing its beauty or utilizing its functionality, these accessories make it even more versatile.<\/p>"}}},"block_order":["template--19865124897065__96ef1753-3de7-4d5e-a4ad-86248cc4de36-1689325452ef937993-2"],"settings":{"separate_section_with_border":true,"reveal_on_scroll":true,"image_position":"start","content_width":"sm","remove_vertical_spacing":true}}},"order":["main","716415a5-91af-4996-ad1d-2acc278350c9","f59812d8-9bd2-4ce8-869b-ac1ced726a6a","860fa7fe-c6a4-49ed-ad76-b914a9623b7b","0004214b-29a0-4d3d-94b6-29bfaa5bdd28","96ef1753-3de7-4d5e-a4ad-86248cc4de36"]}