{"sections":{"effc3785-9dd3-4861-90cb-c3778506df9e":{"type":"rich-text","blocks":{"template--16302369079459__effc3785-9dd3-4861-90cb-c3778506df9e-1686828345c88f24be-1":{"type":"heading","settings":{"text":"Heading","heading_tag":"h1"}},"template--16302369079459__effc3785-9dd3-4861-90cb-c3778506df9e-1686828345c88f24be-2":{"type":"richtext","settings":{"content":"<p>Use this text to share information about your brand with your customers. Describe a product, share announcements, or welcome customers to your store.<\/p>"}}},"block_order":["template--16302369079459__effc3785-9dd3-4861-90cb-c3778506df9e-1686828345c88f24be-1","template--16302369079459__effc3785-9dd3-4861-90cb-c3778506df9e-1686828345c88f24be-2"],"settings":{"separate_section_with_border":true,"content_width":"xs","text_position":"center","remove_vertical_spacing":false}},"main":{"type":"main-page","custom_css":["{display: none;}"],"settings":{"show_title":true,"page_width":"xs"}},"d130563e-e26b-497e-a857-0d2743aaf7bb":{"type":"image-with-text-overlay","settings":{"image_size":"xs","image":"shopify:\/\/shop_images\/2F9709A3-096A-40BD-9F40-A28ABE45D638.jpg","allow_transparent_header":false,"reveal_on_scroll":true,"remove_vertical_spacing":true,"content_width":"md","mobile_text_position":"place-self-center text-center","desktop_text_position":"sm:place-self-center sm:text-center","text_color":"#ffffff","overlay_color":"#000000","overlay_opacity":30}},"caf27913-4fba-4230-bee0-18379e757db3":{"type":"rich-text","blocks":{"template--16302369079459__caf27913-4fba-4230-bee0-18379e757db3-1686828345c88f24be-1":{"type":"heading","settings":{"text":"Heading","heading_tag":"h1"}},"template--16302369079459__caf27913-4fba-4230-bee0-18379e757db3-1686828345c88f24be-2":{"type":"richtext","settings":{"content":"<h2>Nereden Gelir?<\/h2><p>Yaygın inancın tersine, Lorem Ipsum rastgele sözcüklerden oluşmaz. Kökleri M.Ö. 45 tarihinden bu yana klasik Latin edebiyatına kadar uzanan 2000 yıllık bir geçmişi vardır. Virginia'daki Hampden-Sydney College'dan Latince profesörü Richard McClintock, bir Lorem Ipsum pasajında geçen ve anlaşılması en güç sözcüklerden biri olan 'consectetur' sözcüğünün klasik edebiyattaki örneklerini incelediğinde kesin bir kaynağa ulaşmıştır. Lorm Ipsum, Çiçero tarafından M.Ö. 45 tarihinde kaleme alınan \"de Finibus Bonorum et Malorum\" (İyi ve Kötünün Uç Sınırları) eserinin 1.10.32 ve 1.10.33 sayılı bölümlerinden gelmektedir. Bu kitap, ahlak kuramı üzerine bir tezdir ve Rönesans döneminde çok popüler olmuştur. Lorem Ipsum pasajının ilk satırı olan \"Lorem ipsum dolor sit amet\" 1.10.32 sayılı bölümdeki bir satırdan gelmektedir.<\/p><p>1500'lerden beri kullanılmakta olan standard Lorem Ipsum metinleri ilgilenenler için yeniden üretilmiştir. Çiçero tarafından yazılan 1.10.32 ve 1.10.33 bölümleri de 1914 H. Rackham çevirisinden alınan İngilizce sürümleri eşliğinde özgün biçiminden yeniden üretilmiştir.<\/p>"}}},"block_order":["template--16302369079459__caf27913-4fba-4230-bee0-18379e757db3-1686828345c88f24be-1","template--16302369079459__caf27913-4fba-4230-bee0-18379e757db3-1686828345c88f24be-2"],"settings":{"separate_section_with_border":true,"content_width":"xs","text_position":"center","remove_vertical_spacing":false}},"fe886a67-522b-49b5-a7cc-82d2ab0a16fd":{"type":"media-grid","blocks":{"template--16302369079459__fe886a67-522b-49b5-a7cc-82d2ab0a16fd-168682860317f4d4bd-0":{"type":"image","settings":{"column_count":"6","row_count":1,"title":"","heading_tag":"h4","content":"","link_text":"","link_url":"","link_style":"link","text_position":"place-self-end-center text-center","text_color":"#ffffff","button_background":"","button_text_color":"","overlay_color":"#000000","overlay_opacity":0}},"6e7f21cd-5f65-45f5-af29-8052fd3d0af1":{"type":"image","settings":{"column_count":"6","row_count":1,"title":"","heading_tag":"h4","content":"","link_text":"","link_url":"","link_style":"link","text_position":"place-self-center text-center","text_color":"#ffffff","button_background":"","button_text_color":"","overlay_color":"#000000","overlay_opacity":0}}},"block_order":["template--16302369079459__fe886a67-522b-49b5-a7cc-82d2ab0a16fd-168682860317f4d4bd-0","6e7f21cd-5f65-45f5-af29-8052fd3d0af1"],"settings":{"separate_section_with_border":true,"desktop_row_height":290,"mobile_row_height":180,"section_width":"lg","spacing":"md","subheading":"","title":"Media grid","content":"","background":"","text_color":""}},"0cc3ae6d-35b9-4da5-894a-7975c69457df":{"type":"rich-text","blocks":{"bd8253bd-596f-41df-94ad-09a892b2d227":{"type":"heading","settings":{"text":"Heading","heading_tag":"h1"}},"759b9a6d-5937-4d23-ae3f-a4aed22fc38d":{"type":"richtext","settings":{"content":"<h2>Nereden Gelir?<\/h2><p>Yaygın inancın tersine, Lorem Ipsum rastgele sözcüklerden oluşmaz. Kökleri M.Ö. 45 tarihinden bu yana klasik Latin edebiyatına kadar uzanan 2000 yıllık bir geçmişi vardır. Virginia'daki Hampden-Sydney College'dan Latince profesörü Richard McClintock, bir Lorem Ipsum pasajında geçen ve anlaşılması en güç sözcüklerden biri olan 'consectetur' sözcüğünün klasik edebiyattaki örneklerini incelediğinde kesin bir kaynağa ulaşmıştır. Lorm Ipsum, Çiçero tarafından M.Ö. 45 tarihinde kaleme alınan \"de Finibus Bonorum et Malorum\" (İyi ve Kötünün Uç Sınırları) eserinin 1.10.32 ve 1.10.33 sayılı bölümlerinden gelmektedir. Bu kitap, ahlak kuramı üzerine bir tezdir ve Rönesans döneminde çok popüler olmuştur. Lorem Ipsum pasajının ilk satırı olan \"Lorem ipsum dolor sit amet\" 1.10.32 sayılı bölümdeki bir satırdan gelmektedir.<\/p><p>1500'lerden beri kullanılmakta olan standard Lorem Ipsum metinleri ilgilenenler için yeniden üretilmiştir. Çiçero tarafından yazılan 1.10.32 ve 1.10.33 bölümleri de 1914 H. Rackham çevirisinden alınan İngilizce sürümleri eşliğinde özgün biçiminden yeniden üretilmiştir.<\/p>"}}},"block_order":["bd8253bd-596f-41df-94ad-09a892b2d227","759b9a6d-5937-4d23-ae3f-a4aed22fc38d"],"settings":{"separate_section_with_border":true,"content_width":"xs","text_position":"center","remove_vertical_spacing":false}}},"order":["effc3785-9dd3-4861-90cb-c3778506df9e","main","d130563e-e26b-497e-a857-0d2743aaf7bb","caf27913-4fba-4230-bee0-18379e757db3","fe886a67-522b-49b5-a7cc-82d2ab0a16fd","0cc3ae6d-35b9-4da5-894a-7975c69457df"]}