{"sections":{"main":{"type":"main-list-collections","disabled":true,"settings":{"show_title":true,"collections":[],"collections_per_row_desktop":3,"image_size":"auto","content_position":"place-self-end-start text-start","text_color":"#ffffff","overlay_color":"#000000","overlay_opacity":30}},"c1079c52-e880-44be-9a18-e32a8d6c73dc":{"type":"image-with-text","blocks":{"template--19079258702110__c1079c52-e880-44be-9a18-e32a8d6c73dc-1685352263dc6ebd4b-0":{"type":"subheading","settings":{"text":"Subheading"}},"template--19079258702110__c1079c52-e880-44be-9a18-e32a8d6c73dc-1685352263dc6ebd4b-1":{"type":"heading","settings":{"text":"Image with text","heading_tag":"h1"}},"template--19079258702110__c1079c52-e880-44be-9a18-e32a8d6c73dc-1685352263dc6ebd4b-2":{"type":"richtext","settings":{"content":"<p>Use this text to share information about your brand with your customers. Describe a product, share announcements, or welcome customers to your store.<\/p>"}}},"block_order":["template--19079258702110__c1079c52-e880-44be-9a18-e32a8d6c73dc-1685352263dc6ebd4b-0","template--19079258702110__c1079c52-e880-44be-9a18-e32a8d6c73dc-1685352263dc6ebd4b-1","template--19079258702110__c1079c52-e880-44be-9a18-e32a8d6c73dc-1685352263dc6ebd4b-2"],"settings":{"separate_section_with_border":true,"reveal_on_scroll":true,"image_position":"start","content_width":"sm","remove_vertical_spacing":true}},"7ff85622-dc2b-418e-842c-cf0388ebafc9":{"type":"newsletter","settings":{"separate_section_with_border":true,"image_size":"auto","subheading":"Keep me updated","title":"Newsletter","content":"<p>A short sentence describing what someone will receive by subscribing.<\/p>","button_text":"Subscribe","text_color":"#1c1c1c","button_background":"","button_text_color":"","overlay_color":"#000000","overlay_opacity":0}}},"order":["main","c1079c52-e880-44be-9a18-e32a8d6c73dc","7ff85622-dc2b-418e-842c-cf0388ebafc9"]}