{"sections":{"main":{"type":"main-product","blocks":{"cc6000b7-2732-42ba-860c-7e2626810c6d":{"type":"title","settings":{"heading_tag":"h1"}},"7e88a705-fdad-4321-8613-289c9cfdbe9c":{"type":"sku","disabled":true,"settings":{}},"2193cdd1-43a9-4d19-a53d-610cb9ed673d":{"type":"price","settings":{"show_taxes_notice":false}},"d5b132e3-64cf-46b7-83c7-dff3f821283f":{"type":"separator","settings":{}},"quantity_selector":{"type":"quantity_selector","disabled":true,"settings":{}},"e9db5fbe-cda5-45b2-b2cc-9a603da8ea08":{"type":"variant_picker","settings":{"hide_sold_out_variants":true,"selector_type":"block","color_selector_type":"variant","size_chart_page":""}},"d8318ac8-80df-4e1a-8546-b1389f81f521":{"type":"separator","disabled":true,"settings":{}},"buy_buttons":{"type":"buy_buttons","settings":{"show_payment_button":true,"show_gift_card_recipient":true,"atc_button_background":"#000000","atc_button_text_color":"#ffffff","payment_button_background":"#000000","payment_button_text_color":"#ffffff"}},"description":{"type":"description","settings":{"collapse_content":false,"show_below_gallery":true}},"0354ca62-1ab7-484d-8672-9c42c0c67f8f":{"type":"text","settings":{"text":"<p>-CUSTOMER FIRST✔️<br\/>100% Satisfaction<br\/><br\/>💭 Your feedback is important to improve ourselves.<br\/>🤝 Our goal is 100% Customer Satisfaction.<br\/>❔ For more information and questions, please contact us.<br\/>✨Please contact us for your personal requests.<\/p>"}},"d35414d8-c255-4c84-87d5-4ed269cd8a0b":{"type":"accordion","settings":{"show_below_gallery":false,"icon":"picto-delivery-truck","title":"Shipping ✔️","content":"<p>* Free shipping for orders over $100.<br\/>* Free Expedited Delivery via FedEx\/DHL and GLS within 3-5 business days for USA, Canada and Europe.<\/p>","page":""}},"8ebb674d-91d4-4786-ba99-a48e7644feed":{"type":"accordion","settings":{"show_below_gallery":false,"icon":"picto-box","title":"Dimension ✔️","content":"<p>* Each design has different dimensions. You can examine the dimensions of each product from the product details.<\/p>","page":""}},"d6176cd9-ed3a-4722-9775-d1e8fded4aee":{"type":"accordion","settings":{"show_below_gallery":false,"icon":"picto-file","title":"Ingredients ✔️","content":"<p>* Top Quality steel, metal, bone and wood, natural wood<br\/>* Environmentally friendly productions have been made.<br\/>* Sustainability<\/p>","page":""}},"e9ec4b9e-77a4-4e86-9302-139a13da7bf9":{"type":"accordion","settings":{"show_below_gallery":false,"icon":"picto-target","title":"Features ✔️","content":"<p>* All of our products are handmade.<br\/>* All products are made of the most special steel, metal, bone and wood.<br\/>* Our products are quite sharp. Be careful :)<\/p>","page":""}},"share_buttons":{"type":"share_buttons","settings":{}}},"block_order":["cc6000b7-2732-42ba-860c-7e2626810c6d","7e88a705-fdad-4321-8613-289c9cfdbe9c","2193cdd1-43a9-4d19-a53d-610cb9ed673d","d5b132e3-64cf-46b7-83c7-dff3f821283f","quantity_selector","e9db5fbe-cda5-45b2-b2cc-9a603da8ea08","d8318ac8-80df-4e1a-8546-b1389f81f521","buy_buttons","description","0354ca62-1ab7-484d-8672-9c42c0c67f8f","d35414d8-c255-4c84-87d5-4ed269cd8a0b","8ebb674d-91d4-4786-ba99-a48e7644feed","d6176cd9-ed3a-4722-9775-d1e8fded4aee","e9ec4b9e-77a4-4e86-9302-139a13da7bf9","share_buttons"],"custom_css":[],"settings":{"container_size":"lg","product_info_size":60,"show_sticky_add_to_cart":true,"center_basic_info":true,"desktop_media_layout":"carousel_thumbnails_bottom","desktop_media_grid_gap":41,"mobile_controls":"thumbnails","enable_media_autoplay":true,"enable_video_looping":true,"enable_image_zoom":true,"max_image_zoom_level":1}},"recently-viewed-products":{"type":"recently-viewed-products","custom_css":["{padding: 20px;}"],"settings":{"separate_section_with_border":true,"hide_product_information":false,"stack_products":true,"products_count":10,"products_per_row_mobile":"1","products_per_row_desktop":6,"horizontal_spacing_factor":1,"vertical_spacing_factor":1,"subheading":"","title":"Last Viewed","content":""}}},"order":["main","recently-viewed-products"]}