{"sections":{"template-collection":{"type":"template-collection","settings":{"container":"container","text_align":"text-center","limit":40,"enable_infinite_pagination":true,"show_filters":true,"filters_btn_color":"btn-outline-secondary","show_sort_by":true,"show_scroll_top_btn":true,"scroll_top_btn_color":"btn-secondary","show_collection_img":true,"img_opacity":0.3,"img_blur":0,"title_size":"h1","show_collection_description":true,"description_size":"fs-5","product_img_mode":"gallery","product_img_orientation":"square","product_img_thumbnail":"img-thumbnail","product_show_sale_badge":true,"product_sale_badge_color":"bg-success text-white","product_title_size":"h6","product_title_truncate":"","product_show_atc_form":true,"product_form_show_inventory":true,"breakpoint_xs":2,"breakpoint_sm":2,"breakpoint_md":3,"breakpoint_lg":3,"breakpoint_xl":4,"breakpoint_xxl":4}}},"order":["template-collection"]}