{"sections":{"main":{"type":"main-customers-account","blocks":{"d167a1fe-67ab-4911-9491-c3dcf54f756f":{"type":"orders","settings":{}}},"block_order":["d167a1fe-67ab-4911-9491-c3dcf54f756f"],"settings":{}},"a92eee16-cdd1-438b-b74e-47a60662da03":{"type":"collection-list","blocks":{"template--18910794449182__a92eee16-cdd1-438b-b74e-47a60662da03-168372371605198181-0":{"type":"collection","settings":{"collection":"cantalar","expand_collection":false,"content_position":"place-self-end-start text-start","subheading":"","title":"","button_text":"Tüm Ürünler","button_link":"","text_color":"#ffffff","overlay_color":"#000000","overlay_opacity":30,"button_background":"","button_text_color":""}},"template--18910794449182__a92eee16-cdd1-438b-b74e-47a60662da03-168372371605198181-1":{"type":"collection","settings":{"collection":"aksesuarlar","expand_collection":false,"content_position":"place-self-end-start text-start","subheading":"","title":"","button_text":"Tüm Ürünler","button_link":"","text_color":"#ffffff","overlay_color":"#000000","overlay_opacity":30,"button_background":"","button_text_color":""}}},"block_order":["template--18910794449182__a92eee16-cdd1-438b-b74e-47a60662da03-168372371605198181-0","template--18910794449182__a92eee16-cdd1-438b-b74e-47a60662da03-168372371605198181-1"],"settings":{"separate_section_with_border":true,"image_size":"auto","show_text_outside":false,"space_items":true,"stack_collections":true,"collections_per_row_desktop":2,"subheading":"","title":"","content":"","circle_button_background":"#ffffff","circle_button_text_color":"#1c1c1c"}}},"order":["main","a92eee16-cdd1-438b-b74e-47a60662da03"]}