{"current":{"icon":"material-icons-outlined","show_locale_selector":true,"show_currency_selector":false,"enable_payment_button":true,"cart_notes_enable":false,"cart_type":"page","cart_bubble":true,"color_sales_price":"#009109","review_app":"loox","dbtfy_cart_goal":false,"dbtfy_upsell_bundles":false,"dbtfy_upsell_popup":false,"dbtfy_cart_discount":false,"dbtfy_customizable_products":true,"dbtfy_delivery_time":false,"dbtfy_instagram_feed":false,"dbtfy_newsletter_popup":false,"dbtfy_order_feedback":false,"dbtfy_social_discount":false,"dbtfy_automatic_geolocation":true,"dbtfy_custom_currencies":true,"dbtfy_delivery_date":false,"dbtfy_mega_menu":true,"dbtfy_quick_compare":false,"dbtfy_recently_viewed":false,"currency_message":false,"dbtfy_gift_wrap_product":"vegetable-cutter-set","dbtfy_quick_compare_button_icon":"compare_arrows","dbtfy_quick_compare_button_position":"right","dbtfy_quick_compare_distance_from_bottom":20,"dbtfy_quick_compare_product_field_title":true,"dbtfy_quick_compare_product_field_price":true,"dbtfy_quick_compare_product_field_type":true,"dbtfy_sticky_addtocart_reviews":true,"dbtfy_wish_list_bubble":true,"dbtfy_wish_list_bubble_animation":true,"dbtfy_wish_list_count":true,"checkout_header_image":"shopify:\/\/shop_images\/blush-pink-and-white-workspace.jpg","checkout_logo_image":"shopify:\/\/shop_images\/LOGOS.png","checkout_accent_color":"#000000","checkout_button_color":"#000000","sections":{"dbtfy-account-settings":{"type":"dbtfy-account-settings","settings":{}},"dbtfy-bullet-points":{"type":"dbtfy-bullet-points","settings":{"dbtfy_bullet_points_position":"under-product-price","dbtfy_bullet_points_alignment":"left","dbtfy_bullet_points_display_type":"inline"}},"dbtfy-cart-goal":{"type":"dbtfy-cart-goal","settings":{"dbtfy_cart_goal_before_text":"You're","dbtfy_cart_goal_amount":"50","dbtfy_cart_goal_after_text":"away from FREE shipping!","dbtfy_cart_goal_reached_text":"You are eligible for FREE shipping!","dbtfy_cart_goal_icons":"local_shipping"}},"dbtfy-cart-upsell":{"type":"dbtfy-cart-upsell","settings":{"dbtfy_cart_upsell_button_style":"btn--primary"}},"dbtfy-color-swatches":{"type":"dbtfy-color-swatches","settings":{}},"dbtfy-customizable-products":{"type":"dbtfy-customizable-products","settings":{}},"dbtfy-delivery-time":{"type":"dbtfy-delivery-time","settings":{"dbtfy_delivery_time_position":"under-addtocart-button"}},"dbtfy-product-tabs":{"type":"dbtfy-product-tabs","settings":{"dbtfy_product_tabs_display_type":"vertical","dbtfy_product_tab_heading_color":"headings","dbtfy_product_tab_text_color":"text","dbtfy_product_tab_background_color":"accent_background"}},"dbtfy-product-swatches":{"type":"dbtfy-product-swatches","settings":{"dbtfy_product_swatches_show_in_grid":true}},"dbtfy-quantity-breaks":{"type":"dbtfy-quantity-breaks","settings":{"dbtfy_quantity_breaks_single_text":"Buy _COUNT_: _PRICE_ _SAVED_AMOUNT_","dbtfy_quantity_breaks_price_type":"total_price","dbtfy_quantity_breaks_more_discount_text_before":"Add","dbtfy_quantity_breaks_more_discount_text_after":"more item to unlock","dbtfy_quantity_breaks_more_discount_text_after_percentage":"off","dbtfy_quantity_breaks_highest_discount_text":"Highest discount applied!"}},"dbtfy-size-chart":{"type":"dbtfy-size-chart","settings":{"dbtfy_size_chart_icon":"straighten","dbtfy_size_chart_title":"Size chart","dbtfy_size_chart_width":"large"}},"dbtfy-upsell-popup":{"type":"dbtfy-upsell-popup","settings":{"dbtfy_upsell_popup_width":"","dbtfy_upsell_popup_description":"See product details","dbtfy_upsell_popup_cart":"No thanks","dbtfy_upsell_popup_checkout":"Go to checkout →","text_alignment":"text-center","dbtfy_upsell_popup_range":75}},"drawer-menu":{"type":"drawer-menu","settings":{"drawer_link_toggle":true,"email":true,"phone":true,"show_social_medias":true,"hide_menu_icon":true,"title":"Menu","drawer_top_link_list":"main-menu","drawer_bottom_link_list":"footer"}},"announcement":{"type":"announcement","blocks":{"announcement-0":{"type":"message","settings":{"title":"","announcement_text":"<p>Free shipping Today!<\/p>"}}},"block_order":["announcement-0"],"settings":{"show_announcement":true,"small_announcement_text":false,"show_social":false,"email":false,"phone":false,"left_message":"","right_message":"","announcement_autoplayspeed":5}},"header":{"type":"header","settings":{"main_menu_link_list":"main-menu","navigation_type":"center","logo_link":true,"default_logo":"shopify:\/\/shop_images\/UYUSS.png","inverted_logo":"shopify:\/\/shop_images\/LOGOS.png","mobile_logo":"shopify:\/\/shop_images\/UYUSS.png","default_logo_svg":"","inverted_logo_svg":"","mobile_logo_svg":"","logo_width":124,"logo_mobile_width":100}},"dbtfy-instagram-feed":{"type":"dbtfy-instagram-feed","settings":{"dbtfy_instagram_feed_icon":true,"dbtfy_instagram_feed_access_token":"","dbtfy_instagram_feed_full_width":false,"title":"From our Instagram","subtitle":"","dbtfy_instagram_feed_section_style":"section-border","dbtfy_instagram_feed_rows":"1","dbtfy_instagram_feed_desktop_grid":"6","dbtfy_instagram_feed_mobile_grid":"3"}},"guarantee":{"type":"guarantee","blocks":{"guarantee-0":{"type":"text","settings":{"title":"","guarantee_icon":"done","heading_text":"%100 Refund Guarantee","text":"<p>You can easily return and exchange your products.<\/p>","text_alignment":"text-center","text_alignment_mobile":"text-center","button_style":"btn-outline-primary","button_label":"","button_link":""}},"guarantee-1":{"type":"text","settings":{"title":"","guarantee_icon":"lock","heading_text":"Secure Payment","text":"<p>You can place order with the highest secure payment gateways.<\/p>","text_alignment":"text-center","text_alignment_mobile":"text-center","button_style":"btn-outline-primary","button_label":"","button_link":""}},"guarantee-2":{"type":"text","settings":{"title":"","guarantee_icon":"loyalty","heading_text":"Best Sale","text":"<p>You can shop with the best and most affordable prices.<\/p>","text_alignment":"text-center","text_alignment_mobile":"text-center","button_style":"btn-outline-primary","button_label":"","button_link":""}}},"block_order":["guarantee-0","guarantee-1","guarantee-2"],"settings":{"show_guarantee":true,"guarantee_size":"xl","section_style":"section-border"}},"footer":{"type":"footer","blocks":{"footer-0":{"type":"text","settings":{"title":"","column_width":2,"svg":"","img_url":"","logo_width":150,"heading_text":"Contact Us.","subtitle":"","text":"","email":true,"phone":true,"show_social_media":false}},"footer-1":{"type":"link_list","settings":{"title":"Policy","column_width":1,"heading_text":"Policy","subtitle":"","footer_link_list":"policy"}},"footer-2":{"type":"newsletter","settings":{"title":"","column_width":2,"heading_text":"Subscribe to our newsletter","subtitle":"To be notified about all our discounts.","customer_tag":"newsletter"}}},"block_order":["footer-0","footer-1","footer-2"],"settings":{"show_social_media":false,"social_media_position_desktop":"right","social_title":"Follow-us on social media!","show_payment_icons":true,"show_shopify_footer":false,"show_debutify_footer":false,"custom_credential":""}},"dbtfy-collection-filters":{"type":"dbtfy-collection-filters","settings":{"clear_label":"Clear","clear_all_label":"Clear All","hide_unavailable_options":false,"visibility_tags_count":"none"}}},"content_for_index":[]}}