{"sections":{"dd32eddb-c1d7-44d1-b3da-aae2d992634c":{"type":"gallery-carousel","blocks":{"template--16809123774757__dd32eddb-c1d7-44d1-b3da-aae2d992634c-1667812205906f8cf0-0":{"type":"image","settings":{"heading":"Heading","subheading":"Sub heading","image_focal":"center","link":""}},"template--16809123774757__dd32eddb-c1d7-44d1-b3da-aae2d992634c-1667812205906f8cf0-1":{"type":"image","settings":{"heading":"Heading","subheading":"Sub heading","image_focal":"center","link":""}},"template--16809123774757__dd32eddb-c1d7-44d1-b3da-aae2d992634c-1667812205906f8cf0-2":{"type":"image","settings":{"heading":"Heading","subheading":"Sub heading","image_focal":"center","link":""}}},"block_order":["template--16809123774757__dd32eddb-c1d7-44d1-b3da-aae2d992634c-1667812205906f8cf0-0","template--16809123774757__dd32eddb-c1d7-44d1-b3da-aae2d992634c-1667812205906f8cf0-1","template--16809123774757__dd32eddb-c1d7-44d1-b3da-aae2d992634c-1667812205906f8cf0-2"],"settings":{"enable_fullwidth":true,"heading":"Add Your Heading Here","gallery_style":"auto-slide","slide_direction":"right","image_style":"circle","image_size":"small","image_crop":false,"image_background":true,"bgcolor":"primary","top_space_desktop":30,"bottom_space_desktop":30,"top_space_mobile":30,"bottom_space_mobile":30}},"main-collection":{"type":"main-collection","settings":{"collection_title":false,"collection_description":false,"pagination_type":"paged","products_per_page":16,"enable_filtering":true,"filters_layout":"sidebar","enable_sorting":true,"enable_display_options":true,"collection_image":false,"banner_image_focal":"center","banner_height_desktop":"auto","banner_height_mobile":"auto","bgcolor":"#f8f8f8","textcolor":"#000000"}},"8231b1f4-8107-414d-9432-3a48f23e000d":{"type":"text-with-icons","blocks":{"template--16809123774757__8231b1f4-8107-414d-9432-3a48f23e000d-166781443747b75229-0":{"type":"column","settings":{"icon":"shipping","heading":"Add Heading here"}},"template--16809123774757__8231b1f4-8107-414d-9432-3a48f23e000d-166781443747b75229-1":{"type":"column","settings":{"icon":"shipping","heading":"Add Heading here"}},"template--16809123774757__8231b1f4-8107-414d-9432-3a48f23e000d-166781443747b75229-2":{"type":"column","settings":{"icon":"shipping","heading":"Add Heading here"}},"template--16809123774757__8231b1f4-8107-414d-9432-3a48f23e000d-166781443747b75229-3":{"type":"column","settings":{"icon":"shipping","heading":"Add Heading here"}}},"block_order":["template--16809123774757__8231b1f4-8107-414d-9432-3a48f23e000d-166781443747b75229-0","template--16809123774757__8231b1f4-8107-414d-9432-3a48f23e000d-166781443747b75229-1","template--16809123774757__8231b1f4-8107-414d-9432-3a48f23e000d-166781443747b75229-2","template--16809123774757__8231b1f4-8107-414d-9432-3a48f23e000d-166781443747b75229-3"],"settings":{"bgcolor":"secondary","top_space_desktop":30,"bottom_space_desktop":30,"top_space_mobile":30,"bottom_space_mobile":30}}},"order":["dd32eddb-c1d7-44d1-b3da-aae2d992634c","main-collection","8231b1f4-8107-414d-9432-3a48f23e000d"]}