{"sections":{"b7ac5ccd-a8ff-43af-9bff-d398b93c4362":{"type":"slider","blocks":{"093308ec-5a07-42a5-b2aa-e44479115be4":{"type":"slide","settings":{"desktop_image_focal":"center","mobile_image_focal":"center","videofile":"","banner_subtitle":"Banner Sub Heading Here","banner_title":"Banner Heading Here","banner_desc":"Banner Description Here","desktop_title_size":70,"mobile_title_size":36,"button_text":"Shop Now","button_link":"shopify:\/\/collections\/all","button_size":"default","desktop_content_position":"d-center-left","mobile_content_position":"m-center","title_color":"#000000","subtitle_color":"#000000","subtitle_bgcolor":"#ffffff","desc_color":"#000000","btn_bg":"#000000","btn_text":"#ffffff","btn_border":"#000000","title_color_m":"#000000","subtitle_color_m":"#000000","subtitle_bgcolor_m":"#dcdcdc","desc_color_m":"#000000","btn_bg_m":"#000000","btn_text_m":"#ffffff","btn_border_m":"#ffffff"}},"6a0fc043-132e-47a9-9531-f9ff98c79671":{"type":"slide","settings":{"desktop_image_focal":"center","mobile_image_focal":"center","videofile":"","banner_subtitle":"Banner Sub Heading Here","banner_title":"Banner Heading Here","banner_desc":"Banner Description Here","desktop_title_size":70,"mobile_title_size":36,"button_text":"Shop Now","button_link":"shopify:\/\/collections\/all","button_size":"default","desktop_content_position":"d-center-left","mobile_content_position":"m-center","title_color":"#000000","subtitle_color":"#000000","subtitle_bgcolor":"#ffffff","desc_color":"#000000","btn_bg":"#000000","btn_text":"#ffffff","btn_border":"#000000","title_color_m":"#ffffff","subtitle_color_m":"#000000","subtitle_bgcolor_m":"#dcdcdc","desc_color_m":"#ffffff","btn_bg_m":"#ffffff","btn_text_m":"#000000","btn_border_m":"#ffffff"}}},"block_order":["093308ec-5a07-42a5-b2aa-e44479115be4","6a0fc043-132e-47a9-9531-f9ff98c79671"],"settings":{"nav_style":"dots","content_below_image":false,"rotate":false,"interval":5,"desktop_height":"750px","mobile_height":"550px","bgcolor":"primary"}},"44837886-0c70-48e1-92a6-429479c4bee0":{"type":"rotating-text","settings":{"text1":"<p>Add promotional text here <\/p>","text2":"","row1_font_family":"--heading-font-family","row2_font_family":"--font-family","row1_direction":"left","row2_direction":"right","heading_font_size":48,"subheading_font_size":24,"section_border":true,"bgcolor":"#ffffff","bg_gradient_color":"","text1color":"#000000","outlinetext1color":"#000000","text2color":"#a56748","outlinetext2color":"#a56748","top_space_desktop":10,"bottom_space_desktop":10,"top_space_mobile":15,"bottom_space_mobile":15}},"9fe78f99-a723-4384-97f0-0ab9a53d574e":{"type":"featured-collections-carousel","blocks":{"template--16809124069669__9fe78f99-a723-4384-97f0-0ab9a53d574e-1667804924ee962633-0":{"type":"collection","settings":{"collection":"","image_focal":"center","heading":"","subheading":"","headingcolor":"#000000","subheadingcolor":"#000000"}},"template--16809124069669__9fe78f99-a723-4384-97f0-0ab9a53d574e-1667804924ee962633-1":{"type":"collection","settings":{"collection":"","image_focal":"center","heading":"","subheading":"","headingcolor":"#000000","subheadingcolor":"#000000"}},"template--16809124069669__9fe78f99-a723-4384-97f0-0ab9a53d574e-1667804924ee962633-2":{"type":"collection","settings":{"collection":"","image_focal":"center","heading":"","subheading":"","headingcolor":"#000000","subheadingcolor":"#000000"}},"template--16809124069669__9fe78f99-a723-4384-97f0-0ab9a53d574e-1667804924ee962633-3":{"type":"collection","settings":{"collection":"","image_focal":"center","heading":"","subheading":"","headingcolor":"#000000","subheadingcolor":"#000000"}}},"block_order":["template--16809124069669__9fe78f99-a723-4384-97f0-0ab9a53d574e-1667804924ee962633-0","template--16809124069669__9fe78f99-a723-4384-97f0-0ab9a53d574e-1667804924ee962633-1","template--16809124069669__9fe78f99-a723-4384-97f0-0ab9a53d574e-1667804924ee962633-2","template--16809124069669__9fe78f99-a723-4384-97f0-0ab9a53d574e-1667804924ee962633-3"],"settings":{"style":"style2","enable_fullwidth":true,"heading":"Collection list","subheading":"New Collection","description":"Share information about your collection with customers. Describe a collection, make announcements related to your collection.","btntext":"View All","btnlink":"shopify:\/\/collections","button_size":"small","bgcolor":"primary","top_space_desktop":40,"bottom_space_desktop":40,"top_space_mobile":35,"bottom_space_mobile":35}},"3666ad5c-9a57-4da8-85e3-51e692e12b68":{"type":"tabbed-collections","settings":{"heading":"Collection Trending Product","tabs_position":"right","products_style":"stacked","hide_tab_name":true,"bgcolor":"primary","top_space_desktop":40,"bottom_space_desktop":15,"top_space_mobile":15,"bottom_space_mobile":15}},"a96a7245-c763-4ca9-892e-12780c8f2dc9":{"type":"collage","blocks":{"e5ff2aef-ba95-4c9e-8e3f-dd72458b9d05":{"type":"image","settings":{"image_width":"col-md-4","image_focal":"center","heading":"Heading","subheading":"Sub heading","link":"","btn_text":"","overlayopacity":0,"desktop_content_position":"d-center","mobile_content_position":"m-center","overlaycolor":"rgba(0,0,0,0)","textcolor":"#000000","button_text_color":"#ffffff","button_bg_color":"#000000","button_border_color":"#000000"}},"cb571fed-5881-4211-b2a8-8af441cd3156":{"type":"image","settings":{"image_width":"col-md-4","image_focal":"center","heading":"Heading","subheading":"Sub heading","link":"","btn_text":"","overlayopacity":0,"desktop_content_position":"d-center","mobile_content_position":"m-center","overlaycolor":"rgba(0,0,0,0)","textcolor":"#000000","button_text_color":"#ffffff","button_bg_color":"#000000","button_border_color":"#000000"}},"46d419dd-e0b2-4e96-9658-98c38ff0e1a6":{"type":"image","settings":{"image_width":"col-md-4","image_focal":"center","heading":"Heading","subheading":"Sub heading","link":"","btn_text":"","overlayopacity":0,"desktop_content_position":"d-center","mobile_content_position":"m-center","overlaycolor":"#000000","textcolor":"#000000","button_text_color":"#ffffff","button_bg_color":"#000000","button_border_color":"#000000"}},"55852e55-9f01-474d-9e5f-d6cc67deb68c":{"type":"image","settings":{"image_width":"col-md-4","image_focal":"center","heading":"Heading","subheading":"Sub heading","link":"","btn_text":"","overlayopacity":0,"desktop_content_position":"d-center","mobile_content_position":"m-center","overlaycolor":"rgba(0,0,0,0)","textcolor":"#000000","button_text_color":"#ffffff","button_bg_color":"#000000","button_border_color":"#000000"}},"66d90dc6-1520-4a47-92d2-636ad7f776bd":{"type":"image","settings":{"image_width":"col-md-8","image_focal":"center","heading":"Heading","subheading":"Sub heading","link":"","btn_text":"","overlayopacity":0,"desktop_content_position":"d-center","mobile_content_position":"m-center","overlaycolor":"rgba(0,0,0,0)","textcolor":"#000000","button_text_color":"#ffffff","button_bg_color":"#000000","button_border_color":"#000000"}}},"block_order":["e5ff2aef-ba95-4c9e-8e3f-dd72458b9d05","cb571fed-5881-4211-b2a8-8af441cd3156","46d419dd-e0b2-4e96-9658-98c38ff0e1a6","55852e55-9f01-474d-9e5f-d6cc67deb68c","66d90dc6-1520-4a47-92d2-636ad7f776bd"],"settings":{"enable_fullwidth":false,"space_in_images":true,"image_layout":"rounded","heading_size":"h2","button_size":"xsmall","bgcolor":"primary","top_space_desktop":0,"bottom_space_desktop":20,"top_space_mobile":0,"bottom_space_mobile":0}},"a1b176c3-f07e-4422-aca7-8c39a39d35db":{"type":"rotating-text","settings":{"text1":"<p>Add Promotional<strong> Text Here<\/strong><\/p>","text2":"","row1_font_family":"--heading-font-family","row2_font_family":"--font-family","row1_direction":"left","row2_direction":"right","heading_font_size":90,"subheading_font_size":24,"section_border":false,"bgcolor":"#ffffff","bg_gradient_color":"","text1color":"#000000","outlinetext1color":"#0e3a2d","text2color":"#a56748","outlinetext2color":"#a56748","top_space_desktop":0,"bottom_space_desktop":0,"top_space_mobile":15,"bottom_space_mobile":15}},"892e650b-bd66-447a-b397-5081a12a90e6":{"type":"featured-collection","settings":{"collection":"","products_count":6,"slider_full_width":false,"product_as_stacked":true,"over_image_product":false,"heading":"All Products","subheading":"Add Featured Collection here","image_focal":"center","collection_heading":"","hide_description":false,"collection_desc":"","bgcolor":"primary","collection_title_color":"#000000","collection_desc_color":"#000000","top_space_desktop":35,"bottom_space_desktop":40,"top_space_mobile":5,"bottom_space_mobile":0}},"3cbbfa89-d25e-4de7-8bc3-53ff9de7e5b1":{"type":"gallery-carousel","blocks":{"template--16809124069669__3cbbfa89-d25e-4de7-8bc3-53ff9de7e5b1-166780006432774596-0":{"type":"image","settings":{"heading":"Heading","subheading":"Sub heading","image_focal":"center","link":""}},"template--16809124069669__3cbbfa89-d25e-4de7-8bc3-53ff9de7e5b1-166780006432774596-1":{"type":"image","settings":{"heading":"Heading","subheading":"Sub heading","image_focal":"center","link":""}},"template--16809124069669__3cbbfa89-d25e-4de7-8bc3-53ff9de7e5b1-166780006432774596-2":{"type":"image","settings":{"heading":"Heading","subheading":"Sub heading","image_focal":"center","link":""}}},"block_order":["template--16809124069669__3cbbfa89-d25e-4de7-8bc3-53ff9de7e5b1-166780006432774596-0","template--16809124069669__3cbbfa89-d25e-4de7-8bc3-53ff9de7e5b1-166780006432774596-1","template--16809124069669__3cbbfa89-d25e-4de7-8bc3-53ff9de7e5b1-166780006432774596-2"],"settings":{"enable_fullwidth":true,"heading":"Add Your Heading Here","gallery_style":"auto-slide","slide_direction":"left","image_style":"circle","image_size":"small","image_crop":false,"image_background":true,"bgcolor":"primary","top_space_desktop":20,"bottom_space_desktop":20,"top_space_mobile":0,"bottom_space_mobile":0}},"42e8f498-dcf5-4202-8783-84def3fc423e":{"type":"collage","blocks":{"template--16809124069669__42e8f498-dcf5-4202-8783-84def3fc423e-1667801289f4a3a907-0":{"type":"image","settings":{"image_width":"col-md-6","image_focal":"center","heading":"Heading","subheading":"Sub heading","link":"","btn_text":"","overlayopacity":50,"desktop_content_position":"d-center","mobile_content_position":"m-center","overlaycolor":"rgba(0,0,0,0)","textcolor":"#000000","button_text_color":"#ffffff","button_bg_color":"#000000","button_border_color":"#000000"}},"template--16809124069669__42e8f498-dcf5-4202-8783-84def3fc423e-1667801289f4a3a907-1":{"type":"image","settings":{"image_width":"col-md-6","image_focal":"center","heading":"Heading","subheading":"Sub heading","link":"","btn_text":"","overlayopacity":0,"desktop_content_position":"d-center","mobile_content_position":"m-center","overlaycolor":"rgba(0,0,0,0)","textcolor":"#000000","button_text_color":"#ffffff","button_bg_color":"#000000","button_border_color":"#000000"}}},"block_order":["template--16809124069669__42e8f498-dcf5-4202-8783-84def3fc423e-1667801289f4a3a907-0","template--16809124069669__42e8f498-dcf5-4202-8783-84def3fc423e-1667801289f4a3a907-1"],"settings":{"enable_fullwidth":false,"space_in_images":true,"image_layout":"rounded","heading_size":"h2","button_size":"xsmall","bgcolor":"primary","top_space_desktop":45,"bottom_space_desktop":45,"top_space_mobile":35,"bottom_space_mobile":35}},"08a794cb-be09-40d3-9dae-24ba5188a73d":{"type":"testimonials","blocks":{"template--16809124069669__08a794cb-be09-40d3-9dae-24ba5188a73d-1667806302f1e7ea42-0":{"type":"quote","settings":{"rating":4,"message":"Add client reviews & testimonials to showcase your store’s happy clients.","author":"Author name here","author_city":"Author City here"}},"template--16809124069669__08a794cb-be09-40d3-9dae-24ba5188a73d-1667806302f1e7ea42-1":{"type":"quote","settings":{"rating":4,"message":"Add client reviews & testimonials to showcase your store’s happy clients.","author":"Author name here","author_city":"Author City here"}},"template--16809124069669__08a794cb-be09-40d3-9dae-24ba5188a73d-1667806302f1e7ea42-2":{"type":"quote","settings":{"rating":4,"message":"Add client reviews & testimonials to showcase your store’s happy clients.","author":"Author name here","author_city":"Author City here"}},"template--16809124069669__08a794cb-be09-40d3-9dae-24ba5188a73d-1667806302f1e7ea42-3":{"type":"quote","settings":{"rating":4,"message":"Add client reviews & testimonials to showcase your store’s happy clients.","author":"Author name here","author_city":"Author City here"}}},"block_order":["template--16809124069669__08a794cb-be09-40d3-9dae-24ba5188a73d-1667806302f1e7ea42-0","template--16809124069669__08a794cb-be09-40d3-9dae-24ba5188a73d-1667806302f1e7ea42-1","template--16809124069669__08a794cb-be09-40d3-9dae-24ba5188a73d-1667806302f1e7ea42-2","template--16809124069669__08a794cb-be09-40d3-9dae-24ba5188a73d-1667806302f1e7ea42-3"],"settings":{"heading":"Add testimonials heading here","slider_style":"style2","column_count":"column1","nav_style":"arrow","divider_top":false,"divider_bottom":false,"bgcolor":"quaternary","top_space_desktop":60,"bottom_space_desktop":60,"top_space_mobile":45,"bottom_space_mobile":30}},"0b2c8e19-4da1-4cd8-88f9-0defb0d8316d":{"type":"featured-articles","blocks":{"template--16809124069669__0b2c8e19-4da1-4cd8-88f9-0defb0d8316d-166780673349d066bb-0":{"type":"article","settings":{"article":""}},"template--16809124069669__0b2c8e19-4da1-4cd8-88f9-0defb0d8316d-166780673349d066bb-1":{"type":"article","settings":{"article":""}},"template--16809124069669__0b2c8e19-4da1-4cd8-88f9-0defb0d8316d-166780673349d066bb-2":{"type":"article","settings":{"article":""}}},"block_order":["template--16809124069669__0b2c8e19-4da1-4cd8-88f9-0defb0d8316d-166780673349d066bb-0","template--16809124069669__0b2c8e19-4da1-4cd8-88f9-0defb0d8316d-166780673349d066bb-1","template--16809124069669__0b2c8e19-4da1-4cd8-88f9-0defb0d8316d-166780673349d066bb-2"],"settings":{"overlay_content":false,"heading":"Add Blog posts here","button":"View all","link":"","bgcolor":"primary","top_space_desktop":60,"bottom_space_desktop":60,"top_space_mobile":40,"bottom_space_mobile":40}},"241580ea-bd0e-4db7-b075-509b6cb71c9c":{"type":"newsletter","settings":{"heading":"Join Our Newsletter","description":"Sign up it only takes a second to be the news.","placeholder":"Email Address","btn":"Subscribe","bgcolor":"quaternary","button_text_color":"#ffffff","button_bg_color":"#000000","button_border_color":"#000000","top_space_desktop":50,"bottom_space_desktop":50,"top_space_mobile":30,"bottom_space_mobile":30}},"9a1fe066-2f93-4cd9-9406-69df7c56cc79":{"type":"text-with-icons","blocks":{"template--16809124069669__9a1fe066-2f93-4cd9-9406-69df7c56cc79-16678017855c9a4f01-0":{"type":"column","settings":{"icon":"shipping","heading":"Add Heading here"}},"template--16809124069669__9a1fe066-2f93-4cd9-9406-69df7c56cc79-16678017855c9a4f01-1":{"type":"column","settings":{"icon":"shipping","heading":"Add Heading here"}},"template--16809124069669__9a1fe066-2f93-4cd9-9406-69df7c56cc79-16678017855c9a4f01-2":{"type":"column","settings":{"icon":"shipping","heading":"Add Heading here"}},"template--16809124069669__9a1fe066-2f93-4cd9-9406-69df7c56cc79-16678017855c9a4f01-3":{"type":"column","settings":{"icon":"shipping","heading":"Add Heading here"}}},"block_order":["template--16809124069669__9a1fe066-2f93-4cd9-9406-69df7c56cc79-16678017855c9a4f01-0","template--16809124069669__9a1fe066-2f93-4cd9-9406-69df7c56cc79-16678017855c9a4f01-1","template--16809124069669__9a1fe066-2f93-4cd9-9406-69df7c56cc79-16678017855c9a4f01-2","template--16809124069669__9a1fe066-2f93-4cd9-9406-69df7c56cc79-16678017855c9a4f01-3"],"settings":{"bgcolor":"primary","top_space_desktop":30,"bottom_space_desktop":30,"top_space_mobile":30,"bottom_space_mobile":30}}},"order":["b7ac5ccd-a8ff-43af-9bff-d398b93c4362","44837886-0c70-48e1-92a6-429479c4bee0","9fe78f99-a723-4384-97f0-0ab9a53d574e","3666ad5c-9a57-4da8-85e3-51e692e12b68","a96a7245-c763-4ca9-892e-12780c8f2dc9","a1b176c3-f07e-4422-aca7-8c39a39d35db","892e650b-bd66-447a-b397-5081a12a90e6","3cbbfa89-d25e-4de7-8bc3-53ff9de7e5b1","42e8f498-dcf5-4202-8783-84def3fc423e","08a794cb-be09-40d3-9dae-24ba5188a73d","0b2c8e19-4da1-4cd8-88f9-0defb0d8316d","241580ea-bd0e-4db7-b075-509b6cb71c9c","9a1fe066-2f93-4cd9-9406-69df7c56cc79"]}