{"sections":{"page-header":{"type":"main-page","settings":{"banner_image_focal":"center","banner_height_desktop":"auto","banner_height_mobile":"auto","bgcolor":"#f3efec","textcolor":"#181818"}},"1658318505f1feb568":{"type":"faq-section","blocks":{"c14a79c5-80ab-4ecf-afaf-92d59c5b44e2":{"type":"faq","settings":{"heading":"Frequently asked question","answer":"<p>Use this text to answer questions in as much detail as possible for your customers.<\/p>"}},"3d382006-13d6-496a-865c-f186c23dc69f":{"type":"faq","settings":{"heading":"Frequently asked question","answer":"<p>Use this text to answer questions in as much detail as possible for your customers.<\/p>"}},"1a799c22-ff4b-4880-bbb9-9b70d9cd34a5":{"type":"faq","settings":{"heading":"Frequently asked question","answer":"<p>Use this text to answer questions in as much detail as possible for your customers.<\/p>"}},"47b9e426-f45b-4313-826d-b08111208b13":{"type":"faq","settings":{"heading":"Frequently asked question","answer":"<p>Use this text to answer questions in as much detail as possible for your customers.<\/p>"}},"2db4a2a5-9aea-4c47-a46b-5fcc49035b13":{"type":"faq","settings":{"heading":"Frequently asked question","answer":"<p>Use this text to answer questions in as much detail as possible for your customers.<\/p>"}}},"block_order":["c14a79c5-80ab-4ecf-afaf-92d59c5b44e2","3d382006-13d6-496a-865c-f186c23dc69f","1a799c22-ff4b-4880-bbb9-9b70d9cd34a5","47b9e426-f45b-4313-826d-b08111208b13","2db4a2a5-9aea-4c47-a46b-5fcc49035b13"],"settings":{"heading":"FAQs","bgcolor":"primary","row_bgcolor":"quaternary","top_space_desktop":45,"bottom_space_desktop":45,"top_space_mobile":40,"bottom_space_mobile":40}}},"order":["page-header","1658318505f1feb568"]}