{"current":{"color_background":"#ffffff","color_headings":"#484848","color_text":"#4d4d4d","color_text_light":"#949494","color_links":"#e32619","color_button_background":"#e32619","color_button_text":"#ffffff","color_button_secondary_background":"#ffffff","color_button_secondary_text":"#e32619","color_button_secondary_border":"#dddddd","color_header_background":"#ffffff","color_header_text":"#484848","color_input_text":"#4d4d4d","color_input_background":"#ffffff","color_input_border":"#dddddd","color_product_sale_accent":"#e32619","color_product_review_star":"#f6c347","color_footer_background":"#ffffff","color_footer_text":"#686868","color_overlay":"#000000","overlay_opacity":50,"type_size_base":16,"type_heading":"futura_n7","type_heading_size":"1","type_heading_capitalize":false,"type_heading_spacing":0,"type_body":"lato_n4","type_menu":"lato_n7","type_menu_capitalize":false,"type_menu_spacing":0,"type_button":"lato_n7","type_button_capitalize":false,"type_button_spacing":0,"type_section":"futura_n7","type_section_capitalize":false,"type_section_spacing":0,"layout_max_width":1400,"product_show_vendor":true,"product_show_sku":false,"product_enable_recently_viewed_products":true,"product_option_style":"select","product_sales_badge":true,"product_sales_badge_style":"money","product_social_sharing":true,"product_slideshow_style":"natural","gallery_thumbnail_position":"below","product_ratings_reviews":true,"product_ratings_star_display":"prod-page","product_grid_show_second_image":false,"product_grid_emphasize_price":false,"product_grid_image_style":"natural","swatches_enable":true,"swatches_swatch_trigger":"Color","swatches_shape":"square","swatches_product_card_size":32,"swatches_product_page_size":64,"swatches_option_style":"variant_image","swatches_custom_colors":"","product_grid_show_quickshop":"always","product_grid_show_atc":"always","quickshop_show_dcb":true,"quickshop_product_cart_redirect":false,"social_facebook":"","social_twitter":"","social_pinterest":"","social_instagram":"","social_tumblr":"","social_vimeo":"","social_youtube":"","social_linkedin":"","social_email":"","favicon":"","enable_checkout_lock_icon":false,"continue_shopping_url":"shopify:\/\/collections\/all","continue_url_cart":true,"continue_url_404":true,"enable_image_zoom":false,"image_zoom_level":"min","product_grid_quick_shop":true,"product_grid_quick_buy":true,"social_google":"","show_dcb":false,"product_grid_quick_look":true,"font_body":"Google_Lato_400,400i,700,700i","font_heading":"\"League Spartan\", sans-serif","quickshop_ratings":true,"quickshop_redirect_to_cart":false,"quickshop_sales_badge":true,"quickshop_sales_badge_style":"percentile_save","quickshop_ratings_reviews":true,"quickshop_enable_social_sharing":true,"product_cart_redirect":false,"show_breadcrumbs":true,"quickshop_show_vendor":true,"sections":{"static-header":{"type":"static-header","blocks":{"1517255946962":{"type":"meganav_images","settings":{}},"1572476394007":{"type":"multi_column_menu","settings":{}}},"block_order":["1517255946962","1572476394007"],"settings":{"sticky_header":false,"full_width_header":false,"logo_height":40,"logo_width":150,"filter_search_by":"disabled","enable_live_search":true,"show_mobile_search_bar":true,"enable_live_search_images":true,"enable_live_search_articles_pages":true,"quick_links":"shop-by-piece","menu":"main-menu","small_promo_heading":"Free Shipping","small_promo_text":"<p>on all orders over $75<\/p>","small_promo_text_mobile":"<p>on all orders over $75<\/p>","small_promo_icon":"icon-delivery","image":""}},"1520634789686":{"type":"dynamic-featured-product","settings":{"show_dcb":false,"product_cart_redirect":false}},"1498182734213":{"type":"dynamic-twitter-feed","settings":{"retweets":false,"images":false}},"1517239645202":{"type":"dynamic-search","settings":{"filter_search_by":"disabled","enable_live_search":true,"enable_live_search_images":true,"enable_live_search_articles_pages":false,"position":"top-center","show-overlay":true,"color":"#4d4d4d","background":"#ffffff","opacity":75}},"static-blog":{"type":"static-blog","settings":{"show_rss_link":true,"show_date":true,"show_author":true,"show_excerpt":true,"posts_per_page_range":9}},"1493143038057":{"type":"dynamic-promo-mosaic","blocks":{"1493143038057-0":{"type":"promotion","settings":{"button_style":"secondary","show_overlay":false,"background":"","opacity":1}},"1493143038057-1":{"type":"promotion","settings":{"button_style":"primary","show_overlay":false,"background":"","opacity":50}},"1493143038057-2":{"type":"promotion","settings":{"button_style":"primary","show_overlay":false,"background":"","opacity":50}},"1493143583401":{"type":"promotion","settings":{"button_style":"primary","show_overlay":false,"background":"","opacity":50}}},"block_order":["1493143038057-0","1493143038057-1","1493143038057-2","1493143583401"],"settings":{"title":"","section_height":"small","text_alignment":"top-left","maintain_aspect_ratio":false,"compress_blocks":false}},"static-footer":{"type":"static-footer","blocks":{"static-footer-0":{"type":"menu","settings":{"menu":"main-menu"}},"1498182586280":{"type":"menu","settings":{}},"1498182572847":{"type":"menu","settings":{}},"1493171899575":{"type":"social_accounts","settings":{}},"static-footer-1":{"type":"newsletter","settings":{}}},"block_order":["static-footer-0","1498182586280","1498182572847","1493171899575","static-footer-1"],"settings":{"payment_icons":false,"additional_menu":"footer"}},"1493145778308":{"type":"dynamic-promo-grid","blocks":{"1493145778308-0":{"type":"promotion","settings":{"button_style":"primary","promo_width":"full-width","show_overlay":false,"background":"","opacity":50}}},"block_order":["1493145778308-0"],"settings":{"section_height":"medium","text_alignment":"center-center","maintain_aspect_ratio":true,"compress_blocks":false}},"static-highlights-banners":{"type":"static-highlights-banners","blocks":{"static-highlights-banners-0":{"type":"highlight","settings":{"icon":"icon-delivery","image":"","title":"Free Shipping","text":"<p>When you spend $100+<\/p>","link":""}},"static-highlights-banners-1":{"type":"highlight","settings":{"icon":"icon-cell-phone","image":"","title":"Give Us A Call","text":"<p>+1 (201) 555-5555<\/p>","link":""}},"static-highlights-banners-2":{"type":"highlight","settings":{"icon":"icon-chat-alternate","image":"","title":"Chat With Us","text":"<p>We offer 24-hour chat support<\/p>","link":""}},"static-highlights-banners-3":{"type":"highlight","settings":{"icon":"icon-pin","image":"","title":"Locations","text":"<p>Find a store near you<\/p>","link":""}}},"block_order":["static-highlights-banners-0","static-highlights-banners-1","static-highlights-banners-2","static-highlights-banners-3"],"settings":{"show_highlights_banner":false,"color":"#4d4d4d","icon_color":"#4d4d4d","background_color":"#f8f8f8"}},"1521054862775":{"type":"dynamic-video","settings":{"show_caption":false,"autoplay":false,"aspect_ratio":"16-9","position":"center-center","show_overlay":false,"background":"#000000","opacity":50}},"static-collection":{"type":"static-collection","blocks":{"1498186879532":{"type":"menu","settings":{"menu":""}},"1498186836236":{"type":"menu","settings":{"menu":""}},"1572651808624":{"type":"menu","settings":{"menu":""}}},"block_order":["1498186879532","1498186836236","1572651808624"],"settings":{"show_collection_image":true,"products_per_page_range":24,"products_per_row":"4","sort_by":true,"show_by":true,"grid_list":true,"default_view":"grid-view","show_sidebar":true,"show_prod_count":true,"filter_style":"groups","filter_limit":"5","filter_position":"above_menus","grid_categories":"","custom_ordered_categories":"","custom_ordered_tags":"","menu_depth_range":1}},"static-slideshow":{"type":"static-slideshow","blocks":{"static-slideshow-0":{"type":"slide","settings":{"color":"#ffffff","text_alignment":"center","button_one_label":"Button","button_one_style":"primary","button_two_style":"primary","show_overlay":true,"overlay_color":"#000000","overlay_opacity":50}},"static-slideshow-1":{"type":"slide","settings":{"color":"#ffffff","text_alignment":"center","button_one_label":"Button","button_one_style":"primary","button_two_style":"primary","show_overlay":true,"overlay_color":"#000000","overlay_opacity":50}}},"block_order":["static-slideshow-0","static-slideshow-1"],"settings":{"show_slideshow":false,"enable_autoplay":true,"autoplay_duration":8,"slideshow_height":"medium"}},"1493163784784":{"type":"dynamic-featured-collection","settings":{"title":"Featured Collection","layout":"grid","collection":"muuto","product_count":5,"cta_button_style":"primary"}},"1493171740659":{"type":"dynamic-blog-posts","settings":{"title":"Blog Posts","blog":"news","show_date":true,"show_author":true,"show_excerpt":true}},"1493166188493":{"type":"dynamic-menu-list","blocks":{"1493166188493-0":{"type":"menu","settings":{}},"1493166188493-1":{"type":"menu","settings":{}},"1493166188493-2":{"type":"menu","settings":{}}},"block_order":["1493166188493-0","1493166188493-1","1493166188493-2"],"settings":{}},"static-product":{"type":"static-product","settings":{"layout":"layout--two-col","show_dcb":false,"product_cart_redirect":false}},"1540247561673":{"type":"dynamic-promo-grid","blocks":{"1540247561673-0":{"type":"promotion","settings":{"button_style":"primary","promo_width":"half-width","show_overlay":false,"background":"","opacity":50}},"1540247561673-1":{"type":"promotion","settings":{"button_style":"primary","promo_width":"half-width","show_overlay":false,"background":"#ee3224","opacity":50}}},"block_order":["1540247561673-0","1540247561673-1"],"settings":{"title":"","section_height":"small","text_alignment":"top-left","maintain_aspect_ratio":false,"compress_blocks":false}},"static-announcement":{"type":"static-announcement","settings":{"show_announcement":false,"homepage_announcement":false}},"static-product-recommendations":{"type":"static-product-recommendations","settings":{"show_product_recommendations":true,"product_recommendations_heading":"Inspired by your shopping trends"}},"static-product-reviews":{"type":"static-product-reviews","settings":{}},"static-recently-viewed":{"type":"static-recently-viewed","settings":{"enable_recently_viewed_products":true}}},"content_for_index":["1493143038057","1493145778308","1540247561673","1493163784784","1520634789686","1521054862775","1493166188493","1493171740659","1498182734213","1517239645202"]},"presets":{"Graphic":{"color_background":"#ffffff","color_headings":"#484848","color_text":"#4d4d4d","color_text_light":"#949494","color_links":"#e32619","color_button_background":"#e32619","color_button_text":"#ffffff","color_button_secondary_background":"#ffffff","color_button_secondary_text":"#e32619","color_button_secondary_border":"#dddddd","color_header_background":"#ffffff","color_header_text":"#484848","color_input_text":"#4d4d4d","color_input_background":"#ffffff","color_input_border":"#dddddd","color_product_sale_accent":"#e32619","color_product_review_star":"#f6c347","color_footer_background":"#ffffff","color_footer_text":"#686868","color_overlay":"#000000","overlay_opacity":50,"type_size_base":16,"type_heading":"futura_n7","type_heading_size":"1","type_heading_capitalize":false,"type_heading_spacing":0,"type_body":"lato_n4","type_menu":"lato_n7","type_menu_capitalize":false,"type_menu_spacing":0,"type_button":"lato_n7","type_button_capitalize":false,"type_button_spacing":0,"type_section":"futura_n7","type_section_capitalize":false,"type_section_spacing":0,"layout_max_width":1400,"product_show_vendor":true,"product_show_sku":false,"product_enable_recently_viewed_products":true,"product_option_style":"select","product_sales_badge":true,"product_sales_badge_style":"money","product_social_sharing":true,"product_slideshow_style":"natural","gallery_thumbnail_position":"below","product_ratings_reviews":true,"product_ratings_star_display":"prod-page","product_grid_show_second_image":false,"product_grid_emphasize_price":false,"product_grid_image_style":"natural","swatches_enable":true,"swatches_swatch_trigger":"Color","swatches_shape":"square","swatches_product_card_size":32,"swatches_product_page_size":64,"swatches_option_style":"variant_image","swatches_custom_colors":"","product_grid_show_quickshop":"always","product_grid_show_atc":"always","quickshop_show_dcb":true,"quickshop_product_cart_redirect":false,"social_facebook":"","social_twitter":"","social_pinterest":"","social_instagram":"","social_tumblr":"","social_vimeo":"","social_youtube":"","social_linkedin":"","social_email":"","favicon":"","enable_checkout_lock_icon":false,"continue_shopping_url":"shopify:\/\/collections\/all","continue_url_cart":true,"continue_url_404":true,"enable_image_zoom":false,"image_zoom_level":"min","product_grid_quick_shop":true,"product_grid_quick_buy":true,"social_google":"","show_dcb":false,"product_grid_quick_look":true,"font_body":"Google_Lato_400,400i,700,700i","font_heading":"\"League Spartan\", sans-serif","quickshop_ratings":true,"quickshop_redirect_to_cart":false,"quickshop_sales_badge":true,"quickshop_sales_badge_style":"percentile_save","quickshop_ratings_reviews":true,"quickshop_enable_social_sharing":true,"product_cart_redirect":false,"show_breadcrumbs":true,"quickshop_show_vendor":true,"sections":{"static-header":{"type":"static-header","blocks":{"1517255946962":{"type":"meganav_images","settings":{}},"1572476394007":{"type":"multi_column_menu","settings":{}}},"block_order":["1517255946962","1572476394007"],"settings":{"sticky_header":false,"full_width_header":false,"logo_height":40,"logo_width":150,"filter_search_by":"disabled","enable_live_search":true,"show_mobile_search_bar":true,"enable_live_search_images":true,"enable_live_search_articles_pages":true,"quick_links":"shop-by-piece","menu":"main-menu","small_promo_heading":"Free Shipping","small_promo_text":"<p>on all orders over $75<\/p>","small_promo_text_mobile":"<p>on all orders over $75<\/p>","small_promo_icon":"icon-delivery","image":""}},"1520634789686":{"type":"dynamic-featured-product","settings":{"show_dcb":false,"product_cart_redirect":false}},"1498182734213":{"type":"dynamic-twitter-feed","settings":{"retweets":false,"images":false}},"1517239645202":{"type":"dynamic-search","settings":{"filter_search_by":"disabled","enable_live_search":true,"enable_live_search_images":true,"enable_live_search_articles_pages":false,"position":"top-center","show-overlay":true,"color":"#4d4d4d","background":"#ffffff","opacity":75}},"static-blog":{"type":"static-blog","settings":{"show_rss_link":true,"show_date":true,"show_author":true,"show_excerpt":true,"posts_per_page_range":9}},"1493143038057":{"type":"dynamic-promo-mosaic","blocks":{"1493143038057-0":{"type":"promotion","settings":{"button_style":"secondary","show_overlay":false,"background":"","opacity":1}},"1493143038057-1":{"type":"promotion","settings":{"button_style":"primary","show_overlay":false,"background":"","opacity":50}},"1493143038057-2":{"type":"promotion","settings":{"button_style":"primary","show_overlay":false,"background":"","opacity":50}},"1493143583401":{"type":"promotion","settings":{"button_style":"primary","show_overlay":false,"background":"","opacity":50}}},"block_order":["1493143038057-0","1493143038057-1","1493143038057-2","1493143583401"],"settings":{"title":"","section_height":"small","text_alignment":"top-left","maintain_aspect_ratio":false,"compress_blocks":false}},"static-footer":{"type":"static-footer","blocks":{"static-footer-0":{"type":"menu","settings":{"menu":"main-menu"}},"1498182586280":{"type":"menu","settings":{}},"1498182572847":{"type":"menu","settings":{}},"1493171899575":{"type":"social_accounts","settings":{}},"static-footer-1":{"type":"newsletter","settings":{}}},"block_order":["static-footer-0","1498182586280","1498182572847","1493171899575","static-footer-1"],"settings":{"payment_icons":false,"additional_menu":"footer"}},"1493145778308":{"type":"dynamic-promo-grid","blocks":{"1493145778308-0":{"type":"promotion","settings":{"button_style":"primary","promo_width":"full-width","show_overlay":false,"background":"","opacity":50}}},"block_order":["1493145778308-0"],"settings":{"section_height":"medium","text_alignment":"center-center","maintain_aspect_ratio":true,"compress_blocks":false}},"static-highlights-banners":{"type":"static-highlights-banners","blocks":{"static-highlights-banners-0":{"type":"highlight","settings":{"icon":"icon-delivery","image":"","title":"Free Shipping","text":"<p>When you spend $100+<\/p>","link":""}},"static-highlights-banners-1":{"type":"highlight","settings":{"icon":"icon-cell-phone","image":"","title":"Give Us A Call","text":"<p>+1 (201) 555-5555<\/p>","link":""}},"static-highlights-banners-2":{"type":"highlight","settings":{"icon":"icon-chat-alternate","image":"","title":"Chat With Us","text":"<p>We offer 24-hour chat support<\/p>","link":""}},"static-highlights-banners-3":{"type":"highlight","settings":{"icon":"icon-pin","image":"","title":"Locations","text":"<p>Find a store near you<\/p>","link":""}}},"block_order":["static-highlights-banners-0","static-highlights-banners-1","static-highlights-banners-2","static-highlights-banners-3"],"settings":{"show_highlights_banner":false,"color":"#4d4d4d","icon_color":"#4d4d4d","background_color":"#f8f8f8"}},"1521054862775":{"type":"dynamic-video","settings":{"show_caption":false,"autoplay":false,"aspect_ratio":"16-9","position":"center-center","show_overlay":false,"background":"#000000","opacity":50}},"static-collection":{"type":"static-collection","blocks":{"1498186879532":{"type":"menu","settings":{"menu":""}},"1498186836236":{"type":"menu","settings":{"menu":""}},"1572651808624":{"type":"menu","settings":{"menu":""}}},"block_order":["1498186879532","1498186836236","1572651808624"],"settings":{"show_collection_image":true,"products_per_page_range":24,"products_per_row":"4","sort_by":true,"show_by":true,"grid_list":true,"default_view":"grid-view","show_sidebar":true,"show_prod_count":true,"filter_style":"groups","filter_limit":"5","filter_position":"above_menus","grid_categories":"","custom_ordered_categories":"","custom_ordered_tags":"","menu_depth_range":1}},"static-slideshow":{"type":"static-slideshow","blocks":{"static-slideshow-0":{"type":"slide","settings":{"color":"#ffffff","text_alignment":"center","button_one_label":"Button","button_one_style":"primary","button_two_style":"primary","show_overlay":true,"overlay_color":"#000000","overlay_opacity":50}},"static-slideshow-1":{"type":"slide","settings":{"color":"#ffffff","text_alignment":"center","button_one_label":"Button","button_one_style":"primary","button_two_style":"primary","show_overlay":true,"overlay_color":"#000000","overlay_opacity":50}}},"block_order":["static-slideshow-0","static-slideshow-1"],"settings":{"show_slideshow":false,"enable_autoplay":true,"autoplay_duration":8,"slideshow_height":"medium"}},"1493163784784":{"type":"dynamic-featured-collection","settings":{"title":"Featured Collection","layout":"grid","collection":"muuto","product_count":5,"cta_button_style":"primary"}},"1493171740659":{"type":"dynamic-blog-posts","settings":{"title":"Blog Posts","blog":"news","show_date":true,"show_author":true,"show_excerpt":true}},"1493166188493":{"type":"dynamic-menu-list","blocks":{"1493166188493-0":{"type":"menu","settings":{}},"1493166188493-1":{"type":"menu","settings":{}},"1493166188493-2":{"type":"menu","settings":{}}},"block_order":["1493166188493-0","1493166188493-1","1493166188493-2"],"settings":{}},"static-product":{"type":"static-product","settings":{"layout":"layout--two-col","show_dcb":false,"product_cart_redirect":false}},"1540247561673":{"type":"dynamic-promo-grid","blocks":{"1540247561673-0":{"type":"promotion","settings":{"button_style":"primary","promo_width":"half-width","show_overlay":false,"background":"","opacity":50}},"1540247561673-1":{"type":"promotion","settings":{"button_style":"primary","promo_width":"half-width","show_overlay":false,"background":"#ee3224","opacity":50}}},"block_order":["1540247561673-0","1540247561673-1"],"settings":{"title":"","section_height":"small","text_alignment":"top-left","maintain_aspect_ratio":false,"compress_blocks":false}},"static-announcement":{"type":"static-announcement","settings":{"show_announcement":false,"homepage_announcement":false}},"static-product-recommendations":{"type":"static-product-recommendations","settings":{"show_product_recommendations":true,"product_recommendations_heading":"Inspired by your shopping trends"}},"static-product-reviews":{"type":"static-product-reviews","settings":{}},"static-recently-viewed":{"type":"static-recently-viewed","settings":{"enable_recently_viewed_products":true}}},"content_for_index":["1493143038057","1493145778308","1540247561673","1493163784784","1520634789686","1521054862775","1493166188493","1493171740659","1498182734213","1517239645202"]},"Supply":{"color_background":"#ffffff","color_headings":"#222222","color_text":"#4d4d4d","color_text_light":"#949494","color_links":"#1e8570","color_button_background":"#ffab41","color_button_text":"#1a390c","color_button_secondary_background":"#ffffff","color_button_secondary_text":"#1e8570","color_button_secondary_border":"#dddddd","color_header_background":"#30656b","color_header_text":"#ffffff","color_input_text":"#4d4d4d","color_input_background":"#ffffff","color_input_border":"#dddddd","color_product_sale_accent":"#de0101","color_product_review_star":"#ffab41","color_footer_background":"#f8f8f8","color_footer_text":"#5c5c5c","color_overlay":"#000000","overlay_opacity":50,"type_size_base":16,"type_heading":"cabin_n7","type_heading_size":"1","type_heading_capitalize":false,"type_heading_spacing":0,"type_body":"cabin_n4","type_menu":"cabin_n6","type_menu_capitalize":false,"type_menu_spacing":0,"type_button":"cabin_n6","type_button_capitalize":false,"type_button_spacing":0,"type_section":"cabin_n7","type_section_capitalize":false,"type_section_spacing":1,"layout_max_width":1400,"product_show_vendor":false,"product_show_sku":false,"product_enable_recently_viewed_products":true,"product_option_style":"select","product_sales_badge":true,"product_sales_badge_style":"percentile","product_social_sharing":true,"product_slideshow_style":"natural","gallery_thumbnail_position":"below","product_ratings_reviews":true,"product_ratings_star_display":"all","product_grid_show_second_image":false,"product_grid_emphasize_price":true,"product_grid_image_style":"natural","swatches_enable":false,"swatches_swatch_trigger":"Color","swatches_shape":"square","swatches_product_card_size":16,"swatches_product_page_size":16,"swatches_option_style":"color_swatch","swatches_custom_colors":"","product_grid_show_quickshop":"always","product_grid_show_atc":"always","quickshop_show_dcb":true,"quickshop_product_cart_redirect":false,"social_facebook":"","social_twitter":"","social_pinterest":"","social_instagram":"","social_tumblr":"","social_vimeo":"","social_youtube":"","social_linkedin":"","social_email":"","favicon":"","enable_checkout_lock_icon":false,"continue_shopping_url":"shopify:\/\/collections\/all","continue_url_cart":true,"continue_url_404":true,"enable_image_zoom":false,"image_zoom_level":"min","product_grid_quick_shop":true,"product_grid_quick_buy":true,"social_google":"","show_dcb":false,"product_grid_quick_look":true,"font_body":"Google_Cabin_400,400i,700,700i","font_heading":"Google_Cabin_400,400i,700,700i","product_cart_redirect":false,"sections":{"static-header":{"type":"static-header","blocks":{"1517257487463":{"type":"meganav_images","settings":{}}},"block_order":["1517257487463"],"settings":{"sticky_header":true,"full_width_header":false,"logo_height":40,"logo_width":150,"filter_search_by":"product_type","enable_live_search":true,"show_mobile_search_bar":true,"enable_live_search_images":true,"enable_live_search_articles_pages":true,"quick_links":"quick-links","menu":"main-menu","small_promo_icon":"none","image":""}},"1497987534817":{"type":"dynamic-twitter-feed","settings":{"retweets":false,"images":false}},"static-list-collections":{"type":"static-list-collections","settings":{}},"static-article":{"type":"static-article","settings":{"show_date":true,"show_author":true,"use_share_buttons":true}},"1497995056454":{"type":"dynamic-featured-collection","blocks":{"1572650065202":{"type":"title_card","settings":{"position":"end","text_color":"#ffffff","overlay_color":"#1d8570","overlay_opacity":0,"image":""}}},"block_order":["1572650065202"],"settings":{"title":"","layout":"slideshow","collection":"","product_count":10,"cta_label":"","cta_button_style":"primary"}},"static-slideshow":{"type":"static-slideshow","blocks":{"static-slideshow-1":{"type":"slide","settings":{"background_image":"","color":"#ffffff","text_alignment":"center","button_one_style":"primary","button_two_style":"primary","show_overlay":true,"overlay_color":"#111111","overlay_opacity":35}},"static-slideshow-0":{"type":"slide","settings":{"color":"#ffffff","text_alignment":"center","button_one_style":"primary","button_two_style":"primary","show_overlay":true,"overlay_color":"#111111","overlay_opacity":5}},"1517242272829":{"type":"slide","settings":{"color":"#ffffff","text_alignment":"center","button_one_style":"primary","button_two_style":"primary","show_overlay":true,"overlay_color":"#000000","overlay_opacity":45}}},"block_order":["static-slideshow-1","static-slideshow-0","1517242272829"],"settings":{"show_slideshow":true,"enable_autoplay":true,"autoplay_duration":8,"slideshow_height":"large"}},"static-footer":{"type":"static-footer","blocks":{"1497987853004":{"type":"social_accounts","settings":{}},"1497987889867":{"type":"menu","settings":{"menu":"navigate"}},"1497987887830":{"type":"menu","settings":{"menu":"community"}},"1497987862126":{"type":"menu","settings":{"menu":"support"}},"1520633482343":{"type":"rich_text","settings":{}}},"block_order":["1497987853004","1497987889867","1497987887830","1497987862126","1520633482343"],"settings":{"payment_icons":true,"additional_menu":"footer"}},"static-search":{"type":"static-search","settings":{"results_per_page_range":24,"products_per_row":"4","enable_search_articles_pages":true}},"static-highlights-banners":{"type":"static-highlights-banners","blocks":{"static-highlights-banners-0":{"type":"highlight","settings":{"icon":"icon-delivery","image":"","title":"Free Shipping","text":"<p>When you spend $50+<\/p>"}},"static-highlights-banners-1":{"type":"highlight","settings":{"icon":"icon-cell-phone","image":"","title":"Call Us Anytime","text":"<p>+1 (250) 555-5555<\/p>"}},"static-highlights-banners-2":{"type":"highlight","settings":{"icon":"icon-people-alternate","image":"","title":"Chat With Us","text":"<p>We offer 24-hour chat support<\/p>"}},"static-highlights-banners-3":{"type":"highlight","settings":{"icon":"icon-gift-card","image":"","title":"Gift Cards","text":"<p>For your loved one, in any amount<\/p>"}}},"block_order":["static-highlights-banners-0","static-highlights-banners-1","static-highlights-banners-2","static-highlights-banners-3"],"settings":{"show_highlights_banner":true,"color":"#4d4d4d","icon_color":"#4d4d4d","background_color":"#f8f8f8"}},"1517012346780":{"type":"dynamic-video","settings":{"title":"Video","show_caption":false,"caption":"<p>A short description of the video.<\/p>","autoplay":false,"aspect_ratio":"16-9","position":"center-center","show_overlay":true,"background":"#000000","opacity":40}},"static-collection":{"type":"static-collection","blocks":{"1572648609386":{"type":"menu","settings":{"menu":"collections"}}},"block_order":["1572648609386"],"settings":{"show_collection_image":true,"products_per_page_range":24,"products_per_row":"4","sort_by":true,"show_by":true,"grid_list":true,"default_view":"grid-view","show_sidebar":true,"show_prod_count":true,"filter_style":"groups","filter_limit":"999","filter_position":"above_menus","grid_categories":"","custom_ordered_categories":"","custom_ordered_tags":"","menu_depth_range":1}},"1497987614708":{"type":"dynamic-featured-collection","blocks":{"1572649899712":{"type":"title_card","settings":{"position":"end","text_color":"#ffffff","overlay_color":"#1d8570","overlay_opacity":0}}},"block_order":["1572649899712"],"settings":{"title":"Featured Products","layout":"slideshow","product_count":10,"cta_label":"","cta_button_style":"primary"}},"1497989801200":{"type":"dynamic-promo-grid","blocks":{"1497989801200-2":{"type":"promotion","settings":{"button_style":"primary","promo_width":"half-width","show_overlay":false,"background":"","opacity":50}},"1497989902765":{"type":"promotion","settings":{"button_style":"primary","promo_width":"half-width","show_overlay":false,"background":"","opacity":50}},"1497989801200-0":{"type":"promotion","settings":{"button_style":"primary","promo_width":"half-width","show_overlay":false,"background":"","opacity":50}},"1497989801200-1":{"type":"promotion","settings":{"button_style":"primary","promo_width":"half-width","show_overlay":false,"background":"","opacity":50}}},"block_order":["1497989801200-2","1497989902765","1497989801200-0","1497989801200-1"],"settings":{"section_height":"small","text_alignment":"top-left","maintain_aspect_ratio":true,"compress_blocks":true}},"1497987529582":{"type":"dynamic-blog-posts","settings":{"blog":"news","show_date":true,"show_author":true,"show_excerpt":true}},"1497982042455":{"type":"dynamic-promo-mosaic","blocks":{"1498248584447":{"type":"promotion","settings":{"button_style":"primary","show_overlay":false,"background":"","opacity":50}},"1497982042455-1":{"type":"promotion","settings":{"button_style":"primary","show_overlay":false,"background":"","opacity":50}},"1498248685900":{"type":"promotion","settings":{"button_style":"primary","show_overlay":false,"background":"","opacity":50}},"1497982042455-0":{"type":"promotion","settings":{"button_style":"primary","show_overlay":false,"background":"","opacity":50}},"1497982042455-2":{"type":"promotion","settings":{"button_style":"primary","show_overlay":false,"background":"","opacity":50}}},"block_order":["1498248584447","1497982042455-1","1498248685900","1497982042455-0","1497982042455-2"],"settings":{"section_height":"medium","text_alignment":"top-left","maintain_aspect_ratio":false,"compress_blocks":false}},"static-blog":{"type":"static-blog","settings":{"show_rss_link":false,"show_date":true,"show_author":false,"show_excerpt":false,"posts_per_page_range":9}},"static-product":{"type":"static-product","settings":{"layout":"layout--three-col","show_dcb":true,"product_cart_redirect":false}},"1520633208717":{"type":"pxs-newsletter","settings":{"title":"Newsletter","desktop_alignment":"left","mobile_alignment":"top"}},"static-announcement":{"type":"static-announcement","settings":{"show_announcement":false,"homepage_announcement":false}},"static-recently-viewed":{"type":"static-recently-viewed","settings":{"enable_recently_viewed_products":true}},"static-product-recommendations":{"type":"static-product-recommendations","settings":{"show_product_recommendations":true,"product_recommendations_heading":"Related Products"}},"static-product-reviews":{"type":"static-product-reviews","settings":{}}},"content_for_index":["1497982042455","1497989801200","1497987614708","1497995056454","1497987529582","1517012346780","1497987534817","1520633208717"]},"Industrial":{"color_background":"#ffffff","color_headings":"#4c4c4c","color_text":"#4c5154","color_text_light":"#949494","color_links":"#0076de","color_button_background":"#0076de","color_button_text":"#ffffff","color_button_secondary_background":"#ffffff","color_button_secondary_text":"#0076de","color_button_secondary_border":"#dddddd","color_header_background":"#1d2236","color_header_text":"#ffffff","color_input_text":"#4d4d4d","color_input_background":"#ffffff","color_input_border":"#dddddd","color_product_sale_accent":"#de0101","color_product_review_star":"#4c4c4c","color_footer_background":"#edeff3","color_footer_text":"#5c5c5c","color_overlay":"#000000","overlay_opacity":50,"type_size_base":16,"type_heading":"arimo_n7","type_heading_size":"1","type_heading_capitalize":false,"type_heading_spacing":0,"type_body":"libre_franklin_n4","type_menu":"libre_franklin_n7","type_menu_capitalize":false,"type_menu_spacing":0,"type_button":"libre_franklin_n7","type_button_capitalize":false,"type_button_spacing":0,"type_section":"arimo_n7","type_section_capitalize":false,"type_section_spacing":1,"layout_max_width":1400,"product_show_vendor":true,"product_show_sku":false,"product_enable_recently_viewed_products":false,"product_option_style":"radio","product_sales_badge":true,"product_sales_badge_style":"text","product_social_sharing":true,"product_slideshow_style":"natural","gallery_thumbnail_position":"below","product_ratings_reviews":true,"product_ratings_star_display":"all","product_grid_show_second_image":false,"product_grid_emphasize_price":true,"product_grid_image_style":"natural","swatches_enable":true,"swatches_swatch_trigger":"Color","swatches_shape":"circle","swatches_product_card_size":16,"swatches_product_page_size":24,"swatches_option_style":"color_swatch","swatches_custom_colors":"Orange: #FE6C00\nCyan: #28D6F7\nBlue: #3697CB\nRed: #DA3328\nYellow: #F9D02F\nGreen: #19C17F\nPink: #CF236E","product_grid_show_quickshop":"always","product_grid_show_atc":"always","quickshop_show_dcb":false,"quickshop_product_cart_redirect":false,"social_facebook":"","social_twitter":"","social_pinterest":"","social_instagram":"","social_tumblr":"","social_vimeo":"","social_youtube":"","social_linkedin":"","social_email":"","favicon":"","enable_checkout_lock_icon":false,"continue_shopping_url":"shopify:\/\/collections\/all","continue_url_cart":true,"continue_url_404":true,"enable_image_zoom":true,"image_zoom_level":"max","product_grid_quick_shop":true,"product_grid_quick_buy":true,"social_google":"","show_dcb":false,"font_body":"Google_Libre+Franklin_400,400i,700,700i","product_cart_redirect":false,"font_heading":"Google_Arimo_400,400i,700,700i","product_grid_quick_look":true,"sections":{"static-header":{"type":"static-header","settings":{"sticky_header":false,"full_width_header":false,"logo_height":56,"logo_width":150,"filter_search_by":"product_type","enable_live_search":true,"show_mobile_search_bar":false,"enable_live_search_images":true,"enable_live_search_articles_pages":true,"quick_links":"","menu":"main-menu","small_promo_heading":"","small_promo_text":"","small_promo_text_mobile":"","small_promo_link":"","small_promo_icon":"none","image":""}},"1497918122928":{"type":"dynamic-collection-list","blocks":{"1497918122928-1":{"type":"collection","settings":{}},"1497918122928-3":{"type":"collection","settings":{}},"1497918122928-2":{"type":"collection","settings":{}},"1497918666626":{"type":"collection","settings":{}}},"block_order":["1497918122928-1","1497918122928-3","1497918122928-2","1497918666626"],"settings":{"title":"Most Popular Brands"}},"1521049818431":{"type":"dynamic-featured-product","settings":{"show_dcb":false,"product_cart_redirect":false}},"static-collection":{"type":"static-collection","blocks":{"1572652324737":{"type":"menu","settings":{"menu":"shop"}}},"block_order":["1572652324737"],"settings":{"show_collection_image":false,"products_per_page_range":24,"products_per_row":"3","sort_by":true,"show_by":true,"grid_list":true,"default_view":"list-view","show_sidebar":true,"show_prod_count":true,"filter_style":"groups","filter_limit":"999","filter_position":"above_menus","grid_categories":"","custom_ordered_tags":"","menu_depth_range":1}},"1497904638504":{"type":"dynamic-promo-grid","blocks":{"1497904638504-0":{"type":"promotion","settings":{"button_style":"primary","promo_width":"half-width","show_overlay":false,"background":"","opacity":50}},"1497904638504-1":{"type":"promotion","settings":{"button_style":"primary","promo_width":"half-width","show_overlay":false,"background":"","opacity":50}}},"block_order":["1497904638504-0","1497904638504-1"],"settings":{"section_height":"small","text_alignment":"top-left","maintain_aspect_ratio":true,"compress_blocks":true}},"1497902596403":{"type":"dynamic-promo-mosaic","blocks":{"1497902596403-0":{"type":"promotion","settings":{"button_style":"primary","show_overlay":false,"background":"","opacity":50}},"1497902596403-2":{"type":"promotion","settings":{"button_style":"primary","show_overlay":false,"background":"","opacity":50}},"1497902655509":{"type":"promotion","settings":{"button_style":"primary","show_overlay":false,"background":"","opacity":50}},"1497902596403-1":{"type":"promotion","settings":{"button_style":"primary","show_overlay":false,"background":"","opacity":50}},"1497902666994":{"type":"promotion","settings":{"button_style":"primary","show_overlay":false,"background":"","opacity":50}}},"block_order":["1497902596403-0","1497902596403-2","1497902655509","1497902596403-1","1497902666994"],"settings":{"title":"","section_height":"medium","text_alignment":"top-left","maintain_aspect_ratio":false,"compress_blocks":true}},"static-article":{"type":"static-article","settings":{"show_date":true,"show_author":false,"use_share_buttons":true}},"1520984517333":{"type":"pxs-newsletter","settings":{"desktop_alignment":"left","mobile_alignment":"top"}},"static-slideshow":{"type":"static-slideshow","blocks":{"static-slideshow-0":{"type":"slide","settings":{"background_image":"","color":"#ffffff","link":"","text_alignment":"center","button_one_label":"Button","button_one_link":"","button_one_style":"primary","button_two_label":"","button_two_link":"","button_two_style":"primary","show_overlay":true,"overlay_color":"#000000","overlay_opacity":50}},"static-slideshow-1":{"type":"slide","settings":{"background_image":"","color":"#ffffff","link":"","text_alignment":"center","button_one_label":"Button","button_one_link":"","button_one_style":"primary","button_two_label":"","button_two_link":"","button_two_style":"primary","show_overlay":true,"overlay_color":"#000000","overlay_opacity":50}}},"block_order":["static-slideshow-0","static-slideshow-1"],"settings":{"show_slideshow":false,"enable_autoplay":true,"autoplay_duration":8,"slideshow_height":"medium"}},"static-footer":{"type":"static-footer","blocks":{"1497906897044":{"type":"menu","settings":{}},"1497909194722":{"type":"menu","settings":{}},"1497906879041":{"type":"menu","settings":{}},"1497906643880":{"type":"social_accounts","settings":{}}},"block_order":["1497906897044","1497909194722","1497906879041","1497906643880"],"settings":{"payment_icons":false,"additional_menu":""}},"1497904091093":{"type":"dynamic-featured-collection","settings":{"layout":"grid","product_count":5,"cta_button_style":"primary"}},"1497905019048":{"type":"dynamic-blog-posts","settings":{"blog":"news","show_date":true,"show_author":true,"show_excerpt":true}},"1520636219191":{"type":"pxs-map","disabled":true,"settings":{"section_height":"medium","title":"Our Location","content":"<p>1221 Broad St, Victoria, BC<\/p>","text_alignment":"center","layout":"overlay-bottom-left","layout_mobile":"above","address":"1221 Broad St, Victoria, BC","enable_custom_colors":true,"foreground_color":"#4c5154","background_color":"#ffffff","zoom":4,"image":"","image_position":"center center","overlay_color":"#000000","opacity":0}},"static-blog":{"type":"static-blog","settings":{"show_rss_link":true,"show_date":true,"show_author":false,"show_excerpt":true,"featured_post":"","posts_per_page_range":9}},"static-highlights-banners":{"type":"static-highlights-banners","blocks":{"static-highlights-banners-0":{"type":"highlight","settings":{"icon":"icon-delivery","image":"","title":"Free Shipping","text":"<p>When you spend $100+<\/p>","link":""}},"static-highlights-banners-1":{"type":"highlight","settings":{"icon":"icon-cell-phone","image":"","title":"Give Us A Call","text":"<p>+1 (250) 555-5555<\/p>","link":""}},"static-highlights-banners-2":{"type":"highlight","settings":{"icon":"icon-chat-alternate","image":"","title":"Chat With Us","text":"<p>We offer 24-hour chat support<\/p>","link":""}},"1517238432387":{"type":"highlight","settings":{"icon":"icon-store","image":"","title":"Locations","text":"<p>Find a store near you<\/p>","link":""}}},"block_order":["static-highlights-banners-0","static-highlights-banners-1","static-highlights-banners-2","1517238432387"],"settings":{"show_highlights_banner":true,"color":"#4d4d4d","icon_color":"#4d4d4d","background_color":"#f8f8f8"}},"static-product":{"type":"static-product","settings":{"layout":"layout--three-col","show_dcb":true,"product_cart_redirect":false}},"static-announcement":{"type":"static-announcement","settings":{"show_announcement":true,"homepage_announcement":false,"announcement_link":"","announcement_color":"#ffffff","announcement_background":"#6c84b3"}},"static-recently-viewed":{"type":"static-recently-viewed","settings":{"enable_recently_viewed_products":false}},"static-product-recommendations":{"type":"static-product-recommendations","settings":{"show_product_recommendations":true}},"static-product-reviews":{"type":"static-product-reviews","settings":{}},"static-search":{"type":"static-search","settings":{"results_per_page_range":24,"products_per_row":"3","enable_search_articles_pages":true}}},"content_for_index":["1497902596403","1497918122928","1521049818431","1497904091093","1497904638504","1497905019048","1520636219191","1520984517333"]}}}