{"type":"footer","name":"Footer group","sections":{"footer":{"type":"footer","blocks":{"footer-1":{"type":"links","settings":{"menu":"main","show_menu_title":true}},"c0e67592-50bd-4d2e-82f8-2def3e00e66b":{"type":"links","settings":{"menu":"footer","show_menu_title":true}},"ee132679-cbbc-4b12-8f7d-86dea2536bff":{"type":"links","settings":{"menu":"","show_menu_title":true}},"footer-2":{"type":"newsletter","settings":{"title":"","content":"<p>Pamper yourself! Reward yourself with our luxury options in the new season Kam Knife collection. Get out of an ordinary day and feel special.<\/p>","button_background":"#000000","button_text_color":"#ffffff"}}},"block_order":["footer-1","c0e67592-50bd-4d2e-82f8-2def3e00e66b","ee132679-cbbc-4b12-8f7d-86dea2536bff","footer-2"],"custom_css":["{margin-top: 50px;}"],"settings":{"separate_section_with_border":true,"show_social_media":true,"show_payment_icons":true,"show_country_selector":true,"show_country_name":true,"show_country_flag":true,"show_locale_selector":true}},"7ae4b2d2-ac76-44c4-8ac5-2b5889968e2c":{"type":"custom-liquid","custom_css":["{margin-top: 20px;}"],"settings":{"separate_section_with_border":true,"remove_vertical_spacing":true,"remove_horizontal_spacing":true,"liquid":"<footer class=\"footer2\">\n      <div class=\"container\">\n        <div class=\"row\">\n          \n          <div  class=\"footer2-col\">\n            <h4>We Are<\/h4>\n            <ul>\n              <li><a href=\"#\">Company Culture<\/a><\/li>\n              <li><a href=\"#\">Team<\/a><\/li>\n              <li><a href=\"#\">Investors<\/a><\/li>\n            <\/ul>\n          <\/div>\n           <div class=\"footer2-col\">\n            <h4>Fevup<\/h4>\n            <ul>\n              <li><a href=\"#\">Fevup<\/a><\/li>\n              <li><a href=\"#\">Expand<\/a><\/li>\n              <li><a href=\"#\">Value Up<\/a><\/li>\n            <\/ul>\n          <\/div>  \n          <div class=\"footer2-col\">\n          <h4>  <div style=\"display: flex;\n    justify-content: flex-start;\"    >TÜRKİYE <img src=\"https:\/\/cdn.shopify.com\/s\/files\/1\/0720\/4677\/2510\/files\/turkey.png?v=1687247870\" style=\"margin-left:20px;\" width=\"10%\" height=\"auto\"> <\/div><\/h4>\n            <ul>\n              <li><p>Beştepe Mah. Nergiz Sok. No:7A-14 Kat:8 <\/br>Via Tower, Yenimahalle, Ankara<\/br> <\/br> <\/p><\/li>\n            <\/ul>\n          <\/div>   \n          <div class=\"footer2-col\">\n            <h4>  <div style=\"display: flex;\n    justify-content: flex-start;\"    >U.S.A <img src=\"https:\/\/cdn.shopify.com\/s\/files\/1\/0720\/4677\/2510\/files\/united-states.png?v=1687247870\" style=\"margin-left:20px;\" width=\"10%\" height=\"auto\"> <\/div><\/h4>\n            <ul>\n              <li><p> 2093 Philadelphia Pike #4373<\/br>\n                Claymont DE 19703<\/br> <\/br><\/p><\/li>\n            <\/ul>\n          <\/div>       \n          <div class=\"footer2-col\">\n            <h4>  <div style=\"display: flex;\n    justify-content: flex-start;\"    >U.K<img src=\"https:\/\/cdn.shopify.com\/s\/files\/1\/0720\/4677\/2510\/files\/united-kingdom.png?v=1687247870\" style=\"margin-left:20px;\" width=\"10%\" height=\"auto\"> <\/div><\/h4>\n            <ul>\n              <li><p>\n                44 Elizabeth St. Unit 1, Cheetham Hill, Manchester, UK M8 8BQ<\/p><\/li>\n            <\/ul>\n          <\/div>\n<div class=\"footer2-col\">\n            \n          <\/div>\n           \n          <\/div>\n   <p class=\"h6\" style=\"margin-left: 15px;margin-top:50px;\" >&copy All Rights Reversed.<a  href=\"#\" target=\"_blank\">Fevup Brands<\/a><\/p>\n        <\/div>\n      <\/div>\n   \n    <\/footer>","text_alignment":"start"}}},"order":["footer","7ae4b2d2-ac76-44c4-8ac5-2b5889968e2c"]}