{"type":"header","name":"Header group","sections":{"announcement-bar":{"type":"announcement-bar","blocks":{"message-1":{"type":"message","disabled":true,"settings":{"text":"500₺ ve Üzeri Alışverişlerinizde ÜCRETSİZ KARGO FIRSATI"}},"4fd563f9-a114-4196-ad7e-44c30a905cf6":{"type":"message","disabled":true,"settings":{"text":"Announce something here"}},"ad7e0c32-b1fc-4159-96ff-b9c810d63feb":{"type":"message","disabled":true,"settings":{"text":"Announce something here"}}},"block_order":["message-1","4fd563f9-a114-4196-ad7e-44c30a905cf6","ad7e0c32-b1fc-4159-96ff-b9c810d63feb"],"custom_css":["p {font-weight: bold;}"],"settings":{"enable_sticky":true,"autoplay":true,"cycle_speed":2,"desktop_font_size":11,"mobile_font_size":11,"background":"#1c1c1c","text_color":"#ffffff"}},"header":{"type":"header","blocks":{"fb72c4e4-a8e3-4567-8ff0-78c07a4d80fa":{"type":"mega_menu","settings":{"menu_item":"Knife","images_position":"right","image_1_heading":"","image_1_text":"","image_1_link":"","image_2_heading":"","image_2_text":"","image_2_link":""}},"041917d2-f3eb-46b3-ad2c-57e8497052a1":{"type":"mega_menu","settings":{"menu_item":"Pocket Knives","images_position":"right","image_1_heading":"","image_1_text":"","image_1_link":"","image_2_heading":"","image_2_text":"","image_2_link":""}},"c59c4126-a89f-4d02-b1b0-0d1248ba173e":{"type":"mega_menu","settings":{"menu_item":"Steel Series","images_position":"right","image_1_heading":"","image_1_text":"","image_1_link":"","image_2_heading":"","image_2_text":"","image_2_link":""}},"729fddf5-daa5-4992-ad4b-6a0c544f57e4":{"type":"mega_menu","settings":{"menu_item":"Steel Series","images_position":"right","image_1":"shopify:\/\/shop_images\/siyah_png.png","image_1_heading":"","image_1_text":"","image_1_link":"","image_2_heading":"","image_2_text":"","image_2_link":""}}},"block_order":["fb72c4e4-a8e3-4567-8ff0-78c07a4d80fa","041917d2-f3eb-46b3-ad2c-57e8497052a1","c59c4126-a89f-4d02-b1b0-0d1248ba173e","729fddf5-daa5-4992-ad4b-6a0c544f57e4"],"custom_css":[".Heading {letter-spacing: 0rem;}","#megamenubaslık {color: black;}",".MegaMenu__Title {display: none;}"],"settings":{"enable_sticky":false,"show_separation_border":true,"reduce_padding":true,"logo":"shopify:\/\/shop_images\/siyah_png.png","logo_max_width":65,"logo_mobile_max_width":55,"menu":"main","sidebar_menu":"main","menu_open_trigger":"click","enable_search":true,"sidebar_text_font":"heading","sidebar_show_dividers":true,"layout":"logo_center_navigation_below","show_icons":true,"show_country_selector":false,"show_country_name":false,"show_country_flag":false,"show_locale_selector":false,"transparent_header_text_color":"#ffffff","transparent_logo":"shopify:\/\/shop_images\/kam-beyaz-150x150.png"}},"dbec1269-46cf-430b-80d4-21463d687fc9":{"type":"custom-liquid","disabled":true,"custom_css":["{background-color: #1c1b1b; color: white;}","::placeholder {color: white; opacity: 1; \/* Firefox *\/ text-transform: capitalize;}"],"settings":{"separate_section_with_border":true,"remove_vertical_spacing":true,"remove_horizontal_spacing":true,"liquid":"<div class=\"container\">\n    <form id=\"predictive-search-form\" action=\"{{ routes.search_url }}\" method=\"GET\" aria-owns=\"header-predictive-search\" class=\"header-search__form\" role=\"search\">\n      <div class=\"header-search__form-control\">\n        {%- render 'icon' with 'search', width: 20 -%}\n        <input type=\"search\" name=\"q\" spellcheck=\"false\" class=\"header-search__input h5 sm:h4\" aria-label=\"{{ 'search.general.title' | t | escape }}\" placeholder=\"Ürün veya kategori arayın\">\n        <button type=\"button\" is=\"dialog-close-button\">\n          <span class=\"sr-only\">{{ 'general.accessibility.close' | t }}<\/span>          \n        <\/button>\n      <\/div>\n    <\/form>\n\n    <predictive-search id=\"header-predictive-search\" class=\"predictive-search\">\n      <div class=\"predictive-search__content\" slot=\"results\"><\/div>\n    <\/predictive-search>\n  <\/div>","text_alignment":"center"}}},"order":["announcement-bar","header","dbec1269-46cf-430b-80d4-21463d687fc9"]}