{"type":"custom.overlay","name":"Overlay group","sections":{"privacy-banner":{"type":"privacy-banner","disabled":true,"settings":{"title":"🍪 Çerez Politikası","content":"<p>Web sitemizde en iyi deneyimi sağlamak için çerezleri ve benzer teknolojileri kullanıyoruz. Daha fazla bilgi için Gizlilik Politikamıza bakın.<\/p>","background":"#1c1c1c","text_color":"#ffffff"}},"cart-drawer":{"type":"cart-drawer","settings":{"show_cart_note":true,"show_shipping_text":true,"show_view_cart_button":false,"show_checkout_button":true,"show_price_in_checkout_button":true}},"newsletter-popup":{"type":"newsletter-popup","disabled":true,"settings":{"apparition_delay":5,"show_only_on_index":true,"hide_for_account_holders":true,"show_only_once":true,"title":"Bültenimiz için kayıt ol!","content":"Kendinizi şımartın! Yeni sezon Matmazel çanta koleksiyonumuzda yer alan lüks seçeneklerimiz ile kendinizi ödüllendirin. Sıradan bir günden çıkın ve özel hissedin.","button_text":"Abone Ol!","background":"#1c1c1c","text_color":"#ffffff","button_background":"#ffffff","button_text_color":"#1c1c1c"}}},"order":["privacy-banner","cart-drawer","newsletter-popup"]}