{"sections":{"dbb71184-7318-4b32-b31c-a3a731530eb1":{"type":"featured-products","disabled":true,"settings":{"show_on_desktop":true,"show_on_mobile":true,"title":"Featured collection","subtitle":"","section_style":"section-blank","home_featured_products":"","rows":"2","desktop_grid":"4","mobile_grid":"2","show_view_all":false,"button_label":"View all","button_link":"","button_style":"btn-outline-primary","slider_related_products":true,"arrows":true,"dots":true,"autoplay":false,"autoplayspeed":5}},"9abe73a3-6a2a-4c4e-a268-a4b0b5f85268":{"type":"hero","blocks":{"f3f29500-fb4c-447e-b3ba-3cc73c9bca01":{"type":"slide","settings":{"title":"","overlay":true,"image":"shopify:\/\/shop_images\/blush-pink-and-white-workspace.jpg","image_position":"center center","image_position_mobile":"center center","slide_link":"","video":"","heading_text":"Welcome to Benia Store","text":"<p>Discover Benia useful and suitable products now<\/p>","text_position":"align-center","text_position_mobile":"align-center","text_alignment":"text-center","text_alignment_mobile":"text-center","enable_custom_fonts":false,"slideshow_family":"poppins_n4","button_label":"Shop now","button_link":"shopify:\/\/collections\/all","button_style":"btn--primary","button_label_2":"","button_link_2":"","button_style_2":""}}},"block_order":["f3f29500-fb4c-447e-b3ba-3cc73c9bca01"],"settings":{"show_on_desktop":true,"show_on_mobile":true,"section_height":"xlarge","section_height_mobile":"xlarge","arrows":true,"dots":true,"autoplay":false,"autoplayspeed":8}},"e274b6ae-96dd-4b6c-87b0-b4fb1b658870":{"type":"featured-products","disabled":true,"settings":{"show_on_desktop":true,"show_on_mobile":true,"title":"Featured collection","subtitle":"","section_style":"section-blank","home_featured_products":"","rows":"2","desktop_grid":"4","mobile_grid":"2","show_view_all":false,"button_label":"View all","button_link":"","button_style":"btn-outline-primary","slider_related_products":true,"arrows":true,"dots":true,"autoplay":false,"autoplayspeed":5}},"efb2fbf8-03ae-401d-866f-a94ccff1b8ce":{"type":"featured-product","settings":{"show_on_desktop":true,"show_on_mobile":true,"featured_product":"storage-box","section_style":"section-blank","show_product_vendor":false,"show_product_type":true,"show_product_sku":false,"product_title_large":false,"show_product_tags":true,"show_sharing_icons":true,"show_product_collections":true,"show_full_details":true,"product_title_position_mobile":"below","enable_fading_effect":true,"enable_image_zoom_on_icon_click":false,"image_display_type":"image_zoom","enable_video_looping":false,"media_layout":"thumbnails","image_size":"medium","enable_arrows":true,"thumbnails_position":"bottom_center","quantity_enabled":false,"product_selector":"select","show_product_description":false,"description_full":false,"dbtfy_product_description_position":"separate_section","description_style":"section-border","text_alignment":"text-center","text_alignment_mobile":"small--text-center"}}},"order":["dbb71184-7318-4b32-b31c-a3a731530eb1","9abe73a3-6a2a-4c4e-a268-a4b0b5f85268","e274b6ae-96dd-4b6c-87b0-b4fb1b658870","efb2fbf8-03ae-401d-866f-a94ccff1b8ce"]}