{"sections":{"main":{"type":"product-template","settings":{"show_product_vendor":false,"show_product_type":true,"show_product_sku":false,"show_product_tags":false,"show_sharing_icons":false,"show_product_collections":false,"product_title_large":false,"product_title_position_mobile":"below","enable_image_zoom_on_icon_click":true,"image_display_type":"image_zoom","enable_fading_effect":false,"enable_video_looping":true,"media_layout":"thumbnails","image_size":"medium","enable_arrows":true,"thumbnails_position":"bottom_center","quantity_enabled":true,"product_selector":"select","show_product_description":true,"enable_split_description":false,"description_full":false,"dbtfy_product_description_position":"under_addtocart","description_style":"section-border","text_alignment":"text-center","text_alignment_mobile":"small--text-center"}},"462af76e-25c0-477c-ad10-fa31b99b718c":{"type":"featured-row","disabled":true,"settings":{"show_on_desktop":true,"show_on_mobile":true,"image":"shopify:\/\/shop_images\/note-tab-gif_600x_34f3ec3b-f119-486c-8704-c27ca0cd9227.gif","image_link":"","section_style":"section-blank","text_size":"large","image_alignement":"left","text_alignment":"text-center","title":"NOTE GLASS","text":"<p><strong>FULL CONTROL OF YOUR LIGHTS<\/strong><\/p><p><strong>Effortlessly swap between 7 colors simply by touching the touch-sensitive button. 2 modes available: Automatic or static.<\/strong><\/p>","button_style":"btn--primary","button_label":"","button_link":""}},"0898cb63-d50c-4bd2-81b0-cf06ada70f8f":{"type":"featured-row","disabled":true,"settings":{"show_on_desktop":true,"show_on_mobile":true,"image":"shopify:\/\/shop_images\/ezgif.com-gif-maker__7_600x_110e9db5-7fba-447b-8f0e-564e07318b02.gif","image_link":"","section_style":"section-blank","text_size":"large","image_alignement":"right","text_alignment":"text-center","title":"NOTE GLASS","text":"<p><strong>ERASE AND REPEAT<\/strong><\/p><p>The quickest way to erase your NoteGlass is with a magnetic white board eraser but you can alternatively use a clothe! So you can keep writing what you want!<\/p>","button_style":"btn--primary","button_label":"","button_link":""}},"upsell-bundles":{"type":"dbtfy-upsell-bundles","blocks":{"9d098f00-9cd4-4e6c-9fc0-4201f34ffec2":{"type":"bundle","disabled":true,"settings":{"title":"","dbtfy_upsell_bundles_product_trigger_1":"note-glass","dbtfy_upsell_bundles_product_offer_1_1":"","dbtfy_upsell_bundles_product_offer_2_1":"","dbtfy_upsell_bundles_discount_code_1":"","dbtfy_upsell_bundles_discount_amount_1":"","dbtfy_upsell_bundles_discount_type_1":"%","dbtfy_upsell_bundles_product_trigger_2":"","dbtfy_upsell_bundles_product_offer_1_2":"","dbtfy_upsell_bundles_product_offer_2_2":"","dbtfy_upsell_bundles_discount_code_2":"","dbtfy_upsell_bundles_discount_amount_2":"","dbtfy_upsell_bundles_discount_type_2":"%","dbtfy_upsell_bundles_product_trigger_3":"","dbtfy_upsell_bundles_product_offer_1_3":"","dbtfy_upsell_bundles_product_offer_2_3":"","dbtfy_upsell_bundles_discount_code_3":"","dbtfy_upsell_bundles_discount_amount_3":"","dbtfy_upsell_bundles_discount_type_3":"%","dbtfy_upsell_bundles_product_trigger_4":"","dbtfy_upsell_bundles_product_offer_1_4":"","dbtfy_upsell_bundles_product_offer_2_4":"","dbtfy_upsell_bundles_discount_code_4":"","dbtfy_upsell_bundles_discount_amount_4":"","dbtfy_upsell_bundles_discount_type_4":"%","dbtfy_upsell_bundles_product_trigger_5":"","dbtfy_upsell_bundles_product_offer_1_5":"","dbtfy_upsell_bundles_product_offer_2_5":"","dbtfy_upsell_bundles_discount_code_5":"","dbtfy_upsell_bundles_discount_amount_5":"","dbtfy_upsell_bundles_discount_type_5":"%","dbtfy_upsell_bundles_product_trigger_6":"","dbtfy_upsell_bundles_product_offer_1_6":"","dbtfy_upsell_bundles_product_offer_2_6":"","dbtfy_upsell_bundles_discount_code_6":"","dbtfy_upsell_bundles_discount_amount_6":"","dbtfy_upsell_bundles_discount_type_6":"%","dbtfy_upsell_bundles_product_trigger_7":"","dbtfy_upsell_bundles_product_offer_1_7":"","dbtfy_upsell_bundles_product_offer_2_7":"","dbtfy_upsell_bundles_discount_code_7":"","dbtfy_upsell_bundles_discount_amount_7":"","dbtfy_upsell_bundles_discount_type_7":"%","dbtfy_upsell_bundles_product_trigger_8":"","dbtfy_upsell_bundles_product_offer_1_8":"","dbtfy_upsell_bundles_product_offer_2_8":"","dbtfy_upsell_bundles_discount_code_8":"","dbtfy_upsell_bundles_discount_amount_8":"","dbtfy_upsell_bundles_discount_type_8":"%","dbtfy_upsell_bundles_product_trigger_9":"","dbtfy_upsell_bundles_product_offer_1_9":"","dbtfy_upsell_bundles_product_offer_2_9":"","dbtfy_upsell_bundles_discount_code_9":"","dbtfy_upsell_bundles_discount_amount_9":"","dbtfy_upsell_bundles_discount_type_9":"%","dbtfy_upsell_bundles_product_trigger_10":"","dbtfy_upsell_bundles_product_offer_1_10":"","dbtfy_upsell_bundles_product_offer_2_10":"","dbtfy_upsell_bundles_discount_code_10":"","dbtfy_upsell_bundles_discount_amount_10":"","dbtfy_upsell_bundles_discount_type_10":"%"}},"0217f7e0-4ded-413d-a5ce-85dbd06f98ab":{"type":"bundle","disabled":true,"settings":{"title":"","dbtfy_upsell_bundles_product_trigger_1":"","dbtfy_upsell_bundles_product_offer_1_1":"","dbtfy_upsell_bundles_product_offer_2_1":"","dbtfy_upsell_bundles_discount_code_1":"","dbtfy_upsell_bundles_discount_amount_1":"","dbtfy_upsell_bundles_discount_type_1":"%","dbtfy_upsell_bundles_product_trigger_2":"","dbtfy_upsell_bundles_product_offer_1_2":"","dbtfy_upsell_bundles_product_offer_2_2":"","dbtfy_upsell_bundles_discount_code_2":"","dbtfy_upsell_bundles_discount_amount_2":"","dbtfy_upsell_bundles_discount_type_2":"%","dbtfy_upsell_bundles_product_trigger_3":"","dbtfy_upsell_bundles_product_offer_1_3":"","dbtfy_upsell_bundles_product_offer_2_3":"","dbtfy_upsell_bundles_discount_code_3":"","dbtfy_upsell_bundles_discount_amount_3":"","dbtfy_upsell_bundles_discount_type_3":"%","dbtfy_upsell_bundles_product_trigger_4":"","dbtfy_upsell_bundles_product_offer_1_4":"","dbtfy_upsell_bundles_product_offer_2_4":"","dbtfy_upsell_bundles_discount_code_4":"","dbtfy_upsell_bundles_discount_amount_4":"","dbtfy_upsell_bundles_discount_type_4":"%","dbtfy_upsell_bundles_product_trigger_5":"","dbtfy_upsell_bundles_product_offer_1_5":"","dbtfy_upsell_bundles_product_offer_2_5":"","dbtfy_upsell_bundles_discount_code_5":"","dbtfy_upsell_bundles_discount_amount_5":"","dbtfy_upsell_bundles_discount_type_5":"%","dbtfy_upsell_bundles_product_trigger_6":"","dbtfy_upsell_bundles_product_offer_1_6":"","dbtfy_upsell_bundles_product_offer_2_6":"","dbtfy_upsell_bundles_discount_code_6":"","dbtfy_upsell_bundles_discount_amount_6":"","dbtfy_upsell_bundles_discount_type_6":"%","dbtfy_upsell_bundles_product_trigger_7":"","dbtfy_upsell_bundles_product_offer_1_7":"","dbtfy_upsell_bundles_product_offer_2_7":"","dbtfy_upsell_bundles_discount_code_7":"","dbtfy_upsell_bundles_discount_amount_7":"","dbtfy_upsell_bundles_discount_type_7":"%","dbtfy_upsell_bundles_product_trigger_8":"","dbtfy_upsell_bundles_product_offer_1_8":"","dbtfy_upsell_bundles_product_offer_2_8":"","dbtfy_upsell_bundles_discount_code_8":"","dbtfy_upsell_bundles_discount_amount_8":"","dbtfy_upsell_bundles_discount_type_8":"%","dbtfy_upsell_bundles_product_trigger_9":"","dbtfy_upsell_bundles_product_offer_1_9":"","dbtfy_upsell_bundles_product_offer_2_9":"","dbtfy_upsell_bundles_discount_code_9":"","dbtfy_upsell_bundles_discount_amount_9":"","dbtfy_upsell_bundles_discount_type_9":"%","dbtfy_upsell_bundles_product_trigger_10":"","dbtfy_upsell_bundles_product_offer_1_10":"","dbtfy_upsell_bundles_product_offer_2_10":"","dbtfy_upsell_bundles_discount_code_10":"","dbtfy_upsell_bundles_discount_amount_10":"","dbtfy_upsell_bundles_discount_type_10":"%"}}},"block_order":["9d098f00-9cd4-4e6c-9fc0-4201f34ffec2","0217f7e0-4ded-413d-a5ce-85dbd06f98ab"],"settings":{"dbtfy_upsell_bundles_title":"Frequently bought together","dbtfy_upsell_bundles_subtitle":"","dbtfy_upsell_bundles_total":"Total price:","dbtfy_upsell_bundles_cart":"Add selected items","dbtfy_upsell_bundles_icons":"library_add_check","dbtfy_upsell_bundles_current":"This item:","section_style":"section-border","dbtfy_upsell_bundles_reviews":false,"show_automatic_bundles":true,"dbtfy_upsell_bundles_limit":"2","dbtfy_upsell_bundles_position":"product","dbtfy_upsell_bundles_discount_code":"","dbtfy_upsell_bundles_discount_amount":"","dbtfy_upsell_bundles_discount_type":"%"}},"f246f680-e29a-46c9-a2ff-0493399836b9":{"type":"featured-columns","disabled":true,"blocks":{"template--15890587812022__f246f680-e29a-46c9-a2ff-0493399836b9-1665768243483e0675-0":{"type":"text_block","settings":{"title":"","image":"shopify:\/\/shop_images\/Adsiz_tasarim_17.png","image_link":"","icon":"","heading_text":"MONEY BACK GUARANTEE","text":"","button_style":"btn--primary","button_label":"","button_link":""}},"template--15890587812022__f246f680-e29a-46c9-a2ff-0493399836b9-1665768243483e0675-1":{"type":"text_block","settings":{"title":"","image":"shopify:\/\/shop_images\/Adsiz_tasarim_18.png","image_link":"","icon":"","heading_text":"USPS INSURED SHIPPING","text":"","button_style":"btn--primary","button_label":"","button_link":""}},"template--15890587812022__f246f680-e29a-46c9-a2ff-0493399836b9-1665768243483e0675-2":{"type":"text_block","settings":{"title":"","image":"shopify:\/\/shop_images\/Adsiz_tasarim_19.png","image_link":"","icon":"","heading_text":"24\/7 CUSTOMER SERVICE","text":"","button_style":"btn--primary","button_label":"","button_link":""}},"a8006c9f-e82e-4bdc-b17f-08cb9466dd59":{"type":"text_block","settings":{"title":"","image":"shopify:\/\/shop_images\/Adsiz_tasarim_20.png","image_link":"","icon":"","heading_text":"SAFE AND SECURE CHECKOUT","text":"","button_style":"btn--primary","button_label":"","button_link":""}}},"block_order":["template--15890587812022__f246f680-e29a-46c9-a2ff-0493399836b9-1665768243483e0675-0","template--15890587812022__f246f680-e29a-46c9-a2ff-0493399836b9-1665768243483e0675-1","template--15890587812022__f246f680-e29a-46c9-a2ff-0493399836b9-1665768243483e0675-2","a8006c9f-e82e-4bdc-b17f-08cb9466dd59"],"settings":{"show_on_desktop":true,"show_on_mobile":true,"title":"Featured columns","subtitle":"","section_style":"section-blank","text_align":"text-center"}},"loox-product-reviews-app-section":{"type":"apps","blocks":{"loox-product-reviews":{"type":"shopify:\/\/apps\/loox-product-reviews-photos\/blocks\/loox-dynamic-section\/5c3b337f-fd14-4df5-b1d6-80ec13e6e28e","settings":{"only_photos":false,"aggregated":false,"hide_thumbnails":false,"maxwidth":1080}}},"block_order":["loox-product-reviews"],"settings":{}},"pricing-table":{"type":"dbtfy-pricing-table","settings":{"show_on_desktop":true,"show_on_mobile":true,"title":"Pricing table","subtitle":"","section_style":"section-blank","dbtfy_button_position":"middle"}},"product-recommendations":{"type":"product-recommendations","settings":{"show_product_recommendations":true,"title":"Recommended for you","subtitle":"","section_style":"section-border","rows":"2","desktop_grid":"4","mobile_grid":"2","slider_related_products":true,"arrows":true,"dots":true,"autoplay":false,"autoplayspeed":5}},"review-widget":{"type":"product-review-widget","settings":{}},"related-products":{"type":"related-products","disabled":true,"settings":{"show_related_products":true,"related_collection":true,"same_vendor":false,"same_type":false,"never_empty":true,"title":"You may also like","subtitle":"","section_style":"section-border","rows":"1","desktop_grid":"4","mobile_grid":"2","slider_related_products":true,"arrows":true,"dots":true,"autoplay":false,"autoplayspeed":5}},"back-to-collection":{"type":"product-back-to-collection","settings":{}},"faq-section":{"type":"dbtfy-faq-section","disabled":true,"settings":{"show_on_desktop":true,"show_on_mobile":true,"title":"","subtitle":"","section_style":"section-border","dbtfy_faq_searchbox":true,"dbtfy_faq_search_placeholder":"Search questions...","text_alignment":"text-center","text_alignment_mobile":"text-center","dbtfy_faq_bannerbox":true,"dbtfy_faq_banner_icon":"live_help","dbtfy_faq_banner_text":"Didn't find your answer?","dbtfy_faq_banner_subtitle":"Our customer service will be happy to help you.","dbtfy_faq_btn":"Get in Touch","dbtfy_faq_link":""}},"quotes":{"type":"quotes","disabled":true,"blocks":{"98e55a75-bc56-46ef-bd75-49bf68f08d1c":{"type":"quote","settings":{"title":"","icon":"format_quote","quote":"<p>Share blog posts, products, or promotions with your customers. Use this text to describe products, share details on availability and style, or as a space to display recent reviews or FAQs.<\/p>","author":"Author's name","text_alignment":"text-center","text_alignment_mobile":"text-center"}}},"block_order":["98e55a75-bc56-46ef-bd75-49bf68f08d1c"],"settings":{"show_on_desktop":true,"show_on_mobile":true,"title":"Testimonials","subtitle":"","section_style":"section-blank","quote_width":"60","arrows":true,"dots":true,"autoplay":true,"autoplayspeed":5}}},"order":["main","462af76e-25c0-477c-ad10-fa31b99b718c","0898cb63-d50c-4bd2-81b0-cf06ada70f8f","upsell-bundles","f246f680-e29a-46c9-a2ff-0493399836b9","loox-product-reviews-app-section","pricing-table","product-recommendations","review-widget","related-products","back-to-collection","faq-section","quotes"]}