{"current":{"icon_stroke_width":1.3,"section_vertical_spacing":"xs","text_color":"#000000","background":"#ffffff","secondary_background":"#ffffff","success_color":"#307a07","error_color":"#cb2b2b","header_background":"#ffffff","header_text_color":"#303030","footer_background":"#ffffff","footer_text_color":"#000000","primary_button_background":"#ffffff","primary_button_text_color":"#303030","modal_background":"#ffffff","modal_text_color":"#303030","product_rating_color":"#1c1c1c","product_on_sale_accent":"#000000","product_sold_out_badge_background":"#cb2b2b","product_custom_badge_background":"#cb2b2b","heading_font":"oswald_n7","heading_text_transform":"normal","heading_font_size_factor":1.1,"heading_letter_spacing":2,"text_font":"oswald_n6","text_font_size_mobile":14,"text_font_size_desktop":14,"button_letter_spacing":8,"currency_code_enabled":true,"show_page_transition":true,"stagger_products_apparition":true,"stagger_blog_posts_apparition":true,"round_color_swatches":true,"product_image_aspect_ratio":"square_crop","show_secondary_image":false,"product_title_max_lines":1,"product_card_text_font":"body","product_price_strategy":"max_price","product_color_display":"hide","show_product_rating":false,"show_quick_buy":false,"show_sold_out_badge":true,"show_discount":true,"cart_type":"message","cart_icon":"shopping_bag","cart_show_free_shipping_bar":true,"cart_free_shipping_threshold":"500","social_facebook":"#","social_twitter":"#","social_pinterest":"#","social_instagram":"#","social_vimeo":"#","social_tumblr":"#","social_youtube":"#","social_tiktok":"#","social_linkedin":"#","favicon":"shopify:\/\/shop_images\/indir-removebg-preview.png","checkout_logo_image":"shopify:\/\/shop_images\/kam-beyaz-150x150.png","checkout_logo_position":"center","checkout_logo_size":"large","checkout_body_background_color":"#281a0c","checkout_input_background_color_mode":"white","checkout_sidebar_background_color":"#551313","checkout_accent_color":"#1c1b1b","checkout_button_color":"#1c1b1b","heading_color":"#1c1b1b","sections":{"header":{"type":"header","blocks":{"fb72c4e4-a8e3-4567-8ff0-78c07a4d80fa":{"type":"mega_menu","settings":{}},"041917d2-f3eb-46b3-ad2c-57e8497052a1":{"type":"mega_menu","settings":{}},"c59c4126-a89f-4d02-b1b0-0d1248ba173e":{"type":"mega_menu","settings":{}}},"block_order":["fb72c4e4-a8e3-4567-8ff0-78c07a4d80fa","041917d2-f3eb-46b3-ad2c-57e8497052a1","c59c4126-a89f-4d02-b1b0-0d1248ba173e"],"custom_css":[".Heading {letter-spacing: 0rem;}","#header-locale-popover-0 {color: black;}",".MegaMenu__Title {display: none;}"],"settings":{"logo":"shopify:\/\/shop_images\/beyaz.png","logo_max_width":255,"show_icons":true,"show_country_selector":false,"show_locale_selector":true}},"footer":{"type":"footer","blocks":{"footer-1":{"type":"links","settings":{"menu":"main-menu"}},"c0e67592-50bd-4d2e-82f8-2def3e00e66b":{"type":"links","settings":{"menu":"footer"}},"ee132679-cbbc-4b12-8f7d-86dea2536bff":{"type":"links","settings":{"menu":"politikalar"}},"footer-2":{"type":"newsletter","settings":{"title":"","content":"<p>Kendinizi şımartın! Yeni sezon Matmazel çanta koleksiyonumuzda yer alan lüks seçeneklerimiz ile kendinizi ödüllendirin. Sıradan bir günden çıkın ve özel hissedin.<\/p>"}}},"block_order":["footer-1","c0e67592-50bd-4d2e-82f8-2def3e00e66b","ee132679-cbbc-4b12-8f7d-86dea2536bff","footer-2"],"custom_css":[".Form__Submit {border: 1px solid;}"],"settings":{"show_country_selector":true,"show_locale_selector":false}},"pina-instagram":{"type":"pina-instagram","settings":{"title":"","show_profile":false,"small":"2","medium":"3","large":"4","gutter":"2","count":"8"}}},"content_for_index":["pina-instagram"],"blocks":{"9094328589753815681":{"type":"shopify:\/\/apps\/hextom-free-shipping-bar\/blocks\/fsb-embeded-block\/7ef5d9af-75a2-45c7-9b1b-f9240ee488e9","disabled":false,"settings":{}},"6544682535036668446":{"type":"shopify:\/\/apps\/pumper-bundle-quantity-break\/blocks\/app-embed\/0856870d-2aca-4b1e-a662-cf1797f61270","disabled":false,"settings":{}}}},"presets":{"Allure":{"section_vertical_spacing":"md","heading_color":"#1c1c1c","text_color":"#1c1c1c","background":"#efefef","secondary_background":"#ffffff","success_color":"#307a07","error_color":"#cb2b2b","header_background":"#ffffff","header_text_color":"#1c1c1c","footer_background":"#ffffff","footer_text_color":"#1c1c1c","modal_background":"#ffffff","modal_text_color":"#1c1c1c","primary_button_background":"#1c1c1c","primary_button_text_color":"#ffffff","product_rating_color":"#1c1c1c","heading_font":"univers_next_n4","heading_letter_spacing":18,"text_font":"univers_next_n4","text_font_size_desktop":14,"button_letter_spacing":18},"Couture":{"section_vertical_spacing":"md","heading_color":"#5c5c5c","text_color":"#5c5c5c","background":"#ffffff","secondary_background":"#ffffff","success_color":"#307a07","error_color":"#cb2b2b","header_background":"#ffffff","header_text_color":"#303030","footer_background":"#ffffff","footer_text_color":"#303030","modal_background":"#ffffff","modal_text_color":"#303030","primary_button_background":"#5c5c5c","primary_button_text_color":"#ffffff","product_rating_color":"#1c1c1c","heading_font":"futura_n4","heading_letter_spacing":18,"text_font":"century_gothic_n4","text_font_size_desktop":14,"button_letter_spacing":18},"Vogue":{"section_vertical_spacing":"xs","heading_color":"#303030","text_color":"#303030","background":"#ffffff","secondary_background":"#ffffff","success_color":"#307a07","error_color":"#cb2b2b","header_background":"#ffffff","header_text_color":"#303030","footer_background":"#ffffff","footer_text_color":"#303030","modal_background":"#ffffff","modal_text_color":"#303030","primary_button_background":"#f5db8b","primary_button_text_color":"#303030","product_rating_color":"#1c1c1c","heading_font":"din_neuzeit_grotesk_n3","heading_letter_spacing":18,"text_font":"futura_n4","text_font_size_desktop":14,"button_letter_spacing":18}}}